{"stats":{"minecraft:killed_by":{"minecraft:husk":12,"minecraft:cave_spider":1,"minecraft:skeleton":4,"minecraft:stray":2,"minecraft:zombie":2,"born_in_chaos_v1:zombie_bruiser":1,"born_in_chaos_v1:dread_hound":1,"minecraft:vex":3},"minecraft:dropped":{"minecraft:beetroot":3,"minecraft:chicken":1,"minecraft:feather":1,"minecraft:book":9,"minecraft:rotten_flesh":3,"minecraft:oak_planks":13,"minecraft:name_tag":2,"minecraft:saddle":1,"wom:diamond_legtopseal":2,"minecraft:stick":4,"minecraft:chainmail_chestplate":1,"minecraft:dark_oak_fence":1,"tombstone:grave_dust":5,"minecraft:spider_eye":1,"minecraft:cyan_candle":3,"minecraft:paper":36,"born_in_chaos_v1:skullbreaker_hammer":1,"minecraft:fishing_rod":1,"minecraft:bucket":1,"epicfight:skillbook":4},"minecraft:crafted":{"minecraft:spruce_planks":92,"minecraft:iron_axe":1,"minecraft:stick":4,"minecraft:iron_ingot":18,"minecraft:iron_pickaxe":1,"minecraft:white_bed":1},"minecraft:killed":{"minecraft:husk":3,"minecraft:cave_spider":8,"minecraft:pig":4,"minecraft:spider":8,"minecraft:bat":1,"born_in_chaos_v1:baby_skeleton_minion":2,"born_in_chaos_v1:maggot":1,"minecraft:skeleton":1,"minecraft:zombie":4,"minecraft:chicken":1,"born_in_chaos_v1:corpse_fly":1,"minecraft:stray":2},"minecraft:mined":{"minecraft:red_carpet":1,"minecraft:spruce_planks":11,"minecraft:white_bed":1,"minecraft:deepslate_diamond_ore":1,"minecraft:powder_snow":6,"minecraft:crafting_table":3,"minecraft:stripped_crimson_hyphae":1,"minecraft:blast_furnace":1,"minecraft:spruce_leaves":9,"minecraft:spawner":6,"minecraft:spruce_log":33,"minecraft:grass":1,"minecraft:bookshelf":60,"minecraft:packed_ice":20,"minecraft:iron_block":2,"minecraft:oak_leaves":2,"minecraft:cyan_candle":1},"minecraft:used":{"epicfight:skillbook":8,"minecraft:spruce_planks":92,"minecraft:iron_sword":127,"tombstone:lollipop":1,"minecraft:crafting_table":2,"born_in_chaos_v1:skullbreaker_hammer":1,"minecraft:white_bed":1,"wom:diamond_armbracelet":1,"minecraft:iron_axe":86,"minecraft:bread":29,"minecraft:iron_pickaxe":29,"tombstone:grave_key":2,"minecraft:cooked_cod":1,"minecraft:bucket":1,"tombstone:gift":5,"alexsmobs:animal_dictionary":1,"minecraft:experience_bottle":1,"minecraft:beetroot_soup":1},"minecraft:custom":{"lootr:looted_stat":42,"minecraft:mob_kills":38,"minecraft:interact_with_crafting_table":4,"minecraft:open_barrel":16,"minecraft:damage_dealt_resisted":438,"minecraft:time_since_death":14011,"minecraft:sleep_in_bed":4,"minecraft:climb_one_cm":2061,"minecraft:time_since_rest":13600,"minecraft:sprint_one_cm":285072,"minecraft:damage_taken":9072,"minecraft:walk_one_cm":384188,"minecraft:drop":26,"tombstone:eaten_lollipop":1,"minecraft:damage_dealt":6131,"minecraft:player_kills":1,"minecraft:swim_one_cm":18423,"minecraft:fly_one_cm":110836,"minecraft:open_chest":3,"minecraft:play_time":128659,"minecraft:crouch_one_cm":2153,"minecraft:sneak_time":663,"tombstone:undead_killed":12,"minecraft:deaths":27,"minecraft:walk_under_water_one_cm":2311,"minecraft:jump":836,"minecraft:interact_with_blast_furnace":2,"minecraft:walk_on_water_one_cm":5305,"minecraft:total_world_time":128659,"minecraft:fall_one_cm":17827},"minecraft:picked_up":{"minecraft:wooden_axe":1,"born_in_chaos_v1:corpse_maggot":1,"minecraft:crafting_table":3,"minecraft:iron_chestplate":1,"minecraft:feather":1,"minecraft:chicken":1,"born_in_chaos_v1:monster_flesh":1,"minecraft:leather":1,"minecraft:tuff":3,"minecraft:chainmail_chestplate":1,"minecraft:string":15,"minecraft:paper":1,"tombstone:gift":1,"born_in_chaos_v1:monster_skin":1,"minecraft:bone":4,"minecraft:beetroot":3,"born_in_chaos_v1:skullbreaker_hammer":1,"minecraft:bucket":1,"minecraft:spruce_planks":18,"minecraft:cyan_candle":3,"minecraft:spruce_slab":6,"minecraft:iron_sword":1,"minecraft:oak_planks":13,"minecraft:iron_boots":1,"minecraft:book":180,"minecraft:stick":4,"irons_spellbooks:frozen_bone":5,"born_in_chaos_v1:ethereal_spirit":1,"sophisticatedbackpacks:backpack":1,"epicfight:skillbook":3,"minecraft:porkchop":8,"tombstone:grave_dust":3,"minecraft:blast_furnace":1,"minecraft:white_bed":1,"minecraft:spruce_log":33,"minecraft:carrot":2,"minecraft:spider_eye":5,"tombstone:lollipop":1,"minecraft:arrow":6,"minecraft:rotten_flesh":3,"minecraft:diamond":1,"wom:diamond_legtopseal":1,"minecraft:iron_helmet":1,"minecraft:iron_block":2,"tombstone:essence_of_undeath":1,"tombstone:magic_scroll":1,"minecraft:skeleton_skull":1}},"DataVersion":3465}