{"stats":{"minecraft:picked_up":{"minecraft:wooden_axe":1,"irons_spellbooks:scroll":1,"minecraft:iron_chestplate":3,"minecraft:chainmail_boots":3,"minecraft:prismarine_shard":4,"minecraft:flower_pot":8,"alexscaves:cave_tablet":2,"minecraft:oak_stairs":1,"minecraft:turtle_egg":1,"minecraft:gilded_blackstone":2,"born_in_chaos_v1:bloody_gadfly_eye":1,"minecraft:amethyst_block":9,"minecraft:brewing_stand":3,"minecraft:polished_deepslate_wall":4,"minecraft:string":30,"minecraft:raw_copper":12,"minecraft:armor_stand":1,"minecraft:iron_leggings":1,"minecraft:red_candle":2,"minecraft:beetroot":3,"irons_spellbooks:arcane_essence":3,"minecraft:cobbled_deepslate":251,"minecraft:bucket":1,"minecraft:spruce_planks":32,"minecraft:calcite":7,"alexsmobs:raccoon_tail":1,"minecraft:smooth_quartz_stairs":1,"born_in_chaos_v1:stimulating_decoction":2,"minecraft:melon_slice":15,"minecraft:coal_block":4,"irons_spellbooks:inscription_table":2,"minecraft:iron_boots":2,"minecraft:golden_helmet":1,"minecraft:tipped_arrow":3,"minecraft:stick":4,"born_in_chaos_v1:shattered_skull":2,"minecraft:oak_fence":3,"born_in_chaos_v1:phantom_powder":3,"minecraft:torch":9,"minecraft:spruce_stairs":3,"minecraft:porkchop":20,"epicfight:skillbook":18,"minecraft:honeycomb_block":4,"tombstone:grave_dust":27,"minecraft:golden_chestplate":1,"tombstone:lollipop":6,"minecraft:waxed_cut_copper_stairs":1,"minecraft:quartz_block":13,"minecraft:rotten_flesh":66,"born_in_chaos_v1:sea_terror_eye":2,"minecraft:polished_basalt":4,"minecraft:iron_block":2,"minecraft:white_terracotta":1,"minecraft:cod":1,"minecraft:iron_bars":6,"cataclysm:stone_pillar":1,"alexsmobs:flying_fish":1,"minecraft:cobblestone":12,"minecraft:sponge":4,"minecraft:leather_chestplate":1,"minecraft:mossy_cobblestone_slab":1,"minecraft:feather":1,"minecraft:jungle_log":3,"minecraft:golden_leggings":3,"minecraft:potato":8,"minecraft:tuff":3,"minecraft:wither_skeleton_skull":1,"minecraft:lapis_lazuli":19,"minecraft:dirt":26,"born_in_chaos_v1:monster_skin":3,"minecraft:bone":52,"minecraft:leather_boots":1,"minecraft:chipped_anvil":1,"minecraft:stonecutter":1,"minecraft:bow":1,"minecraft:wheat_seeds":3,"born_in_chaos_v1:skullbreaker_hammer":1,"minecraft:raw_gold":4,"minecraft:mossy_stone_bricks":11,"minecraft:diamond_helmet":3,"minecraft:cyan_candle":3,"minecraft:bamboo":1,"minecraft:moss_block":1,"minecraft:mossy_stone_brick_stairs":1,"minecraft:oak_planks":31,"irons_spellbooks:fireward_ring":1,"irons_spellbooks:frozen_bone":17,"minecraft:ink_sac":2,"minecraft:barrel":2,"minecraft:mossy_cobblestone":17,"minecraft:bundle":2,"minecraft:quartz_bricks":18,"born_in_chaos_v1:fire_dust":3,"minecraft:diamond":1,"minecraft:slime_block":4,"minecraft:crossbow":1,"minecraft:bone_meal":1,"minecraft:golden_apple":2,"minecraft:chainmail_helmet":3,"minecraft:emerald":2,"minecraft:dark_oak_fence":3,"born_in_chaos_v1:rotten_fish":12,"minecraft:diamond_pickaxe":1,"minecraft:spruce_leaves":1,"minecraft:crafting_table":4,"minecraft:ladder":4,"minecraft:chicken":1,"born_in_chaos_v1:river_mint":11,"minecraft:leather_leggings":6,"irons_spellbooks:tarnished_helmet":1,"minecraft:brown_mushroom":1,"minecraft:shield":3,"minecraft:brick":20,"epicfight:stray_hat":1,"born_in_chaos_v1:intoxicating_decoction":2,"farmersdelight:wild_potatoes":4,"minecraft:cyan_carpet":4,"minecraft:cracked_stone_bricks":2,"born_in_chaos_v1:gnawed_bones":2,"minecraft:poppy":1,"minecraft:spruce_slab":6,"minecraft:egg":1,"minecraft:raw_iron":10,"minecraft:stripped_mangrove_wood":3,"minecraft:raw_gold_block":3,"sophisticatedbackpacks:backpack":1,"minecraft:quartz_pillar":16,"minecraft:carrot":13,"minecraft:redstone":34,"minecraft:dark_oak_planks":1,"minecraft:arrow":86,"minecraft:deepslate_bricks":20,"alexscaves:spelunkery_table":1,"tombstone:essence_of_undeath":2,"minecraft:gold_ingot":20,"minecraft:rail":1,"minecraft:skeleton_skull":1,"born_in_chaos_v1:corpse_maggot":16,"minecraft:golden_carrot":3,"born_in_chaos_v1:monster_flesh":6,"minecraft:tripwire_hook":2,"minecraft:salmon":1,"minecraft:leather":1,"minecraft:fern":2,"minecraft:red_mushroom":3,"minecraft:ochre_froglight":19,"minecraft:crimson_fungus":1,"minecraft:chainmail_chestplate":1,"minecraft:golden_boots":1,"minecraft:gunpowder":2,"minecraft:paper":24,"minecraft:white_banner":1,"tombstone:gift":1,"minecraft:stone_bricks":3,"alexsmobs:cockroach_wing_fragment":1,"minecraft:iron_ingot":17,"tombstone:bag_of_seeds":4,"relics:infinity_ham":1,"minecraft:iron_sword":1,"minecraft:flowering_azalea":1,"minecraft:book":198,"minecraft:scaffolding":34,"minecraft:oak_slab":9,"minecraft:warped_fungus":3,"minecraft:stone_brick_slab":4,"minecraft:quartz":1,"born_in_chaos_v1:ethereal_spirit":6,"minecraft:raw_iron_block":3,"minecraft:amethyst_shard":26,"minecraft:blast_furnace":1,"minecraft:white_bed":1,"minecraft:spruce_log":33,"minecraft:spider_eye":10,"minecraft:slime_ball":1,"wom:diamond_legtopseal":1,"minecraft:honey_block":4,"minecraft:chainmail_leggings":1,"minecraft:iron_helmet":2,"minecraft:diamond_axe":1,"tombstone:magic_scroll":3,"minecraft:coal":5},"minecraft:crafted":{"minecraft:spruce_planks":132,"irons_spellbooks:furled_map":1,"sophisticatedbackpacks:diamond_backpack":1,"minecraft:stick":4,"minecraft:iron_pickaxe":1,"minecraft:iron_ingot":18,"minecraft:iron_block":3,"minecraft:iron_axe":1,"sophisticatedbackpacks:iron_backpack":1,"sophisticatedbackpacks:gold_backpack":1,"minecraft:golden_apple":7,"minecraft:anvil":1,"minecraft:white_bed":1},"minecraft:used":{"born_in_chaos_v1:intoxicating_decoction":1,"minecraft:white_terracotta":1,"minecraft:iron_sword":366,"tombstone:lollipop":1,"wom:diamond_armbracelet":1,"minecraft:bow":203,"minecraft:cooked_cod":1,"epicfight:skillbook":20,"minecraft:ender_pearl":6,"minecraft:stripped_mangrove_wood":1,"minecraft:golden_apple":8,"alexscaves:cave_book":4,"minecraft:bread":82,"minecraft:cyan_carpet":1,"tombstone:grave_key":32,"minecraft:bone_meal":1,"minecraft:experience_bottle":5,"minecraft:iron_bars":4,"minecraft:flint_and_steel":17,"minecraft:spruce_planks":157,"minecraft:torch":125,"minecraft:dirt":10,"minecraft:anvil":2,"minecraft:iron_axe":280,"alexscaves:spelunkery_table":1,"minecraft:goat_horn":1,"tombstone:gift":8,"minecraft:cooked_beef":18,"minecraft:cobbled_deepslate":122,"minecraft:beetroot_soup":1,"minecraft:calcite":3,"born_in_chaos_v1:mint_ice_cream":1,"minecraft:water_bucket":47,"minecraft:mossy_cobblestone":55,"minecraft:crafting_table":4,"born_in_chaos_v1:skullbreaker_hammer":1,"minecraft:white_bed":2,"alexscaves:cooked_radgill":1,"tombstone:bag_of_seeds":5,"minecraft:diamond_pickaxe":413,"minecraft:iron_pickaxe":225,"minecraft:fishing_rod":6,"minecraft:potion":8,"minecraft:cobblestone":1,"minecraft:white_banner":1,"minecraft:bucket":48,"alexsmobs:animal_dictionary":1,"irons_spellbooks:inscription_table":1},"minecraft:killed":{"born_in_chaos_v1:zombie_clown":1,"minecraft:cave_spider":9,"born_in_chaos_v1:restless_spirit":2,"born_in_chaos_v1:zombie_lumberjack":1,"minecraft:spider":15,"born_in_chaos_v1:baby_skeleton_minion":2,"minecraft:skeleton":14,"minecraft:chicken":1,"minecraft:silverfish":1,"irons_spellbooks:summoned_skeleton":3,"born_in_chaos_v1:firelight_not_despawn":3,"minecraft:pig":11,"irons_spellbooks:necromancer":2,"minecraft:creeper":2,"minecraft:pillager":1,"minecraft:zombie":36,"born_in_chaos_v1:dread_hound":7,"born_in_chaos_v1:corpse_fly":6,"minecraft:stray":7,"irons_spellbooks:summoned_zombie":1,"born_in_chaos_v1:maggot":8,"born_in_chaos_v1:corpse_fish":2,"minecraft:warden":1,"alexsmobs:flying_fish":1,"born_in_chaos_v1:mr_pumpkin_controlled":1,"born_in_chaos_v1:barrel_zombie":2,"born_in_chaos_v1:spirit_guide":1,"minecraft:husk":25,"graveyard:ghoul":2,"cataclysm:the_watcher":7,"born_in_chaos_v1:swarmer":1,"born_in_chaos_v1:spirit_guide_assistant":2,"minecraft:bat":1,"born_in_chaos_v1:decrepit_skeleton":5,"born_in_chaos_v1:phantom_creeper_copy":2,"born_in_chaos_v1:bloody_gadfly":1,"born_in_chaos_v1:decaying_zombie":2,"alexsmobs:cockroach":1,"minecraft:wither_skeleton":5},"minecraft:mined":{"minecraft:large_amethyst_bud":1,"minecraft:spruce_planks":27,"minecraft:blackstone_stairs":1,"minecraft:white_bed":1,"minecraft:sculk_vein":4,"minecraft:potted_crimson_fungus":1,"minecraft:brewing_stand":3,"minecraft:budding_amethyst":2,"minecraft:stripped_crimson_hyphae":1,"minecraft:grass_block":6,"minecraft:coal_block":4,"minecraft:deepslate_bricks":17,"minecraft:potted_fern":1,"minecraft:gilded_blackstone":3,"minecraft:spawner":49,"minecraft:potted_warped_fungus":1,"minecraft:raw_iron_block":3,"minecraft:mossy_cobblestone_slab":1,"minecraft:iron_ore":5,"minecraft:barrel":2,"minecraft:cobbled_deepslate":17,"minecraft:potted_red_mushroom":1,"minecraft:deepslate_lapis_ore":2,"minecraft:anvil":1,"minecraft:sculk_shrieker":1,"minecraft:iron_bars":6,"minecraft:stripped_mangrove_wood":3,"minecraft:white_banner":1,"minecraft:iron_block":2,"farmersdelight:wild_potatoes":8,"minecraft:waxed_cut_copper_stairs":1,"minecraft:deepslate_redstone_ore":3,"minecraft:potted_brown_mushroom":1,"minecraft:quartz_block":33,"minecraft:blackstone":2,"minecraft:powder_snow":6,"minecraft:torch":2,"minecraft:calcite":7,"minecraft:blast_furnace":3,"minecraft:melon":3,"minecraft:glass":6,"minecraft:nether_quartz_ore":1,"minecraft:honeycomb_block":4,"minecraft:slime_block":4,"minecraft:grindstone":1,"minecraft:wall_torch":3,"minecraft:amethyst_block":8,"minecraft:white_terracotta":1,"minecraft:red_candle":1,"minecraft:blue_ice":1,"born_in_chaos_v1:river_mint":9,"minecraft:potted_poppy":1,"minecraft:grass":8,"minecraft:dirt":4,"minecraft:wither_skeleton_skull":1,"minecraft:stonecutter":1,"minecraft:polished_deepslate_wall":4,"minecraft:oak_leaves":2,"minecraft:cyan_candle":1,"minecraft:deepslate":238,"alexscaves:spelunkery_table":1,"minecraft:red_carpet":1,"minecraft:mossy_cobblestone":9,"minecraft:deepslate_diamond_ore":1,"farmersdelight:wild_carrots":9,"minecraft:dark_oak_fence":3,"minecraft:decorated_pot":5,"minecraft:spruce_leaves":15,"minecraft:potted_bamboo":1,"minecraft:redstone_ore":2,"graveyard:tg_moss_block":1,"minecraft:raw_gold_block":3,"minecraft:polished_basalt":4,"minecraft:bookshelf":66,"minecraft:cobblestone_slab":1,"minecraft:deepslate_iron_ore":5,"minecraft:vine":11,"minecraft:packed_ice":20,"minecraft:smooth_quartz_stairs":1,"irons_spellbooks:inscription_table":2,"minecraft:stone":2,"minecraft:scaffolding":10,"minecraft:glass_pane":2,"minecraft:stone_brick_slab":4,"minecraft:crafting_table":4,"minecraft:honey_block":4,"minecraft:blackstone_slab":1,"minecraft:emerald_ore":1,"minecraft:sponge":4,"minecraft:sculk_sensor":1,"graveyard:tg_grass_block":1,"minecraft:quartz_bricks":9,"minecraft:deepslate_coal_ore":3,"minecraft:lapis_ore":1,"minecraft:deepslate_gold_ore":2,"minecraft:sculk":21,"minecraft:black_stained_glass":2,"minecraft:spruce_log":33,"minecraft:quartz_pillar":8,"minecraft:coal_ore":2,"minecraft:ochre_froglight":19,"minecraft:cyan_carpet":2,"graveyard:leaning_skeleton":1,"minecraft:cobweb":1,"minecraft:cracked_stone_bricks":6,"minecraft:stone_bricks":11,"minecraft:chipped_anvil":1,"minecraft:mossy_stone_bricks":9,"minecraft:gold_ore":2,"minecraft:deepslate_emerald_ore":1,"minecraft:fern":2},"minecraft:killed_by":{"cataclysm:the_watcher":2,"born_in_chaos_v1:nightmare_stalker":1,"minecraft:creeper":1,"born_in_chaos_v1:zombie_bruiser":1,"minecraft:cave_spider":1,"minecraft:zombie":7,"minecraft:vex":3,"minecraft:husk":17,"minecraft:stray":2,"minecraft:enderman":1,"irons_spellbooks:necromancer":2,"minecraft:skeleton":8,"born_in_chaos_v1:door_knight":1,"born_in_chaos_v1:dread_hound":1},"minecraft:broken":{"minecraft:iron_boots":1,"minecraft:iron_sword":1,"minecraft:iron_axe":1,"minecraft:leather_boots":1,"minecraft:iron_pickaxe":1},"minecraft:custom":{"lootr:looted_stat":214,"minecraft:interact_with_crafting_table":12,"minecraft:open_barrel":56,"minecraft:leave_game":4,"minecraft:time_since_death":16419,"minecraft:sprint_one_cm":1387230,"minecraft:drop":199,"tombstone:eaten_lollipop":1,"minecraft:play_time":645882,"minecraft:deaths":53,"minecraft:jump":2930,"minecraft:walk_on_water_one_cm":59917,"minecraft:interact_with_furnace":9,"minecraft:traded_with_villager":1,"minecraft:interact_with_loom":17,"minecraft:sleep_in_bed":9,"minecraft:damage_dealt":30824,"minecraft:player_kills":3,"minecraft:crouch_one_cm":91465,"tombstone:undead_killed":112,"minecraft:interact_with_smoker":1,"minecraft:interact_with_smithing_table":1,"minecraft:mob_kills":199,"minecraft:interact_with_anvil":5,"minecraft:inspect_hopper":2,"minecraft:damage_dealt_resisted":2147483647,"minecraft:climb_one_cm":57365,"minecraft:walk_one_cm":2220933,"minecraft:sneak_time":32208,"minecraft:walk_under_water_one_cm":65934,"minecraft:interact_with_lectern":1,"minecraft:interact_with_blast_furnace":12,"minecraft:total_world_time":645882,"minecraft:time_since_rest":16271,"minecraft:damage_taken":29172,"minecraft:damage_absorbed":280,"minecraft:swim_one_cm":131178,"minecraft:fly_one_cm":362727,"minecraft:open_chest":17,"minecraft:fall_one_cm":126291},"minecraft:dropped":{"minecraft:iron_sword":1,"minecraft:brown_mushroom":1,"minecraft:diamond_axe":1,"minecraft:warped_fungus":3,"minecraft:glass_bottle":4,"irons_spellbooks:fireward_ring":1,"relics:infinity_ham":1,"minecraft:mossy_stone_brick_stairs":1,"minecraft:saddle":1,"minecraft:quartz_pillar":16,"epicfight:stray_hat":1,"minecraft:rail":1,"minecraft:raw_gold_block":3,"minecraft:red_mushroom":3,"minecraft:spruce_leaves":1,"born_in_chaos_v1:monster_flesh":5,"minecraft:dirt":16,"minecraft:dark_oak_fence":1,"alexsmobs:flying_fish":1,"farmersdelight:wild_potatoes":4,"minecraft:gilded_blackstone":2,"minecraft:white_wool":16,"minecraft:fishing_rod":1,"minecraft:cyan_carpet":2,"minecraft:bone":2,"lootr:trophy":1,"minecraft:crimson_fungus":1,"minecraft:cobbled_deepslate":103,"minecraft:beetroot":3,"minecraft:rotten_flesh":32,"minecraft:oak_planks":13,"minecraft:fern":2,"minecraft:quartz_bricks":18,"minecraft:carrot":1,"minecraft:chainmail_chestplate":1,"minecraft:poppy":1,"minecraft:tipped_arrow":1,"minecraft:gunpowder":2,"minecraft:oak_wood":5,"minecraft:beetroot_seeds":3,"minecraft:melon_seeds":2,"born_in_chaos_v1:corpse_maggot":1,"minecraft:quartz_block":7,"minecraft:jungle_log":3,"minecraft:leather_boots":1,"minecraft:leather_leggings":4,"minecraft:quartz":1,"born_in_chaos_v1:skullbreaker_hammer":1,"minecraft:egg":1,"minecraft:bread":64,"minecraft:wheat_seeds":6,"minecraft:mossy_cobblestone":4,"minecraft:oak_fence":3,"minecraft:feather":1,"minecraft:cobblestone":4,"minecraft:book":9,"cataclysm:stone_pillar":1,"minecraft:spruce_stairs":4,"minecraft:chainmail_helmet":1,"minecraft:stick":4,"relics:roller_skates":1,"born_in_chaos_v1:river_mint":11,"minecraft:golden_carrot":8,"tombstone:magic_scroll":1,"minecraft:diamond_helmet":2,"tombstone:grave_dust":5,"minecraft:potion":4,"minecraft:oak_stairs":1,"minecraft:cyan_candle":3,"minecraft:flowering_azalea":1,"minecraft:polished_basalt":4,"irons_spellbooks:frozen_bone":3,"minecraft:paper":59,"minecraft:string":7,"minecraft:polished_deepslate_wall":4,"minecraft:bucket":1,"minecraft:redstone":31,"minecraft:raw_copper":12,"minecraft:cocoa_beans":5,"born_in_chaos_v1:rotten_fish":1,"minecraft:chicken":1,"minecraft:iron_boots":1,"minecraft:name_tag":2,"wom:diamond_legtopseal":3,"minecraft:deepslate_bricks":20,"minecraft:potato":8,"alexsmobs:cockroach_wing_fragment":1,"minecraft:spruce_planks":15,"minecraft:golden_leggings":1,"minecraft:spider_eye":2,"minecraft:bamboo":1,"minecraft:slime_ball":1,"sophisticatedbackpacks:copper_backpack":1,"epicfight:skillbook":13}},"DataVersion":3465}