{"stats":{"minecraft:killed_by":{"minecraft:husk":12,"minecraft:stray":2,"born_in_chaos_v1:zombie_bruiser":1,"minecraft:cave_spider":1,"minecraft:skeleton":6,"minecraft:zombie":4,"born_in_chaos_v1:dread_hound":1,"minecraft:vex":3},"minecraft:dropped":{"minecraft:glass_bottle":1,"minecraft:feather":1,"minecraft:book":9,"minecraft:saddle":1,"minecraft:stick":4,"minecraft:dark_oak_fence":1,"minecraft:diamond_helmet":1,"tombstone:grave_dust":5,"minecraft:potion":2,"minecraft:cyan_candle":3,"minecraft:paper":36,"minecraft:bucket":1,"minecraft:fishing_rod":1,"minecraft:cobbled_deepslate":5,"minecraft:beetroot":3,"minecraft:chicken":1,"minecraft:rotten_flesh":3,"minecraft:oak_planks":13,"minecraft:name_tag":2,"wom:diamond_legtopseal":2,"minecraft:chainmail_chestplate":1,"alexsmobs:cockroach_wing_fragment":1,"minecraft:leather_leggings":3,"minecraft:spider_eye":1,"born_in_chaos_v1:skullbreaker_hammer":1,"epicfight:skillbook":4},"minecraft:crafted":{"minecraft:iron_axe":1,"sophisticatedbackpacks:iron_backpack":1,"minecraft:spruce_planks":132,"sophisticatedbackpacks:gold_backpack":1,"minecraft:golden_apple":7,"sophisticatedbackpacks:diamond_backpack":1,"minecraft:stick":4,"minecraft:iron_pickaxe":1,"minecraft:iron_ingot":18,"minecraft:iron_block":3,"minecraft:anvil":1,"minecraft:white_bed":1},"minecraft:broken":{"minecraft:iron_boots":1},"minecraft:killed":{"minecraft:cave_spider":8,"minecraft:spider":9,"born_in_chaos_v1:baby_skeleton_minion":2,"born_in_chaos_v1:maggot":2,"minecraft:skeleton":6,"minecraft:chicken":1,"minecraft:silverfish":1,"minecraft:warden":1,"irons_spellbooks:summoned_skeleton":2,"minecraft:husk":3,"minecraft:pig":4,"minecraft:bat":1,"irons_spellbooks:necromancer":1,"alexsmobs:cockroach":1,"minecraft:zombie":14,"born_in_chaos_v1:dread_hound":1,"born_in_chaos_v1:corpse_fly":1,"minecraft:stray":5},"minecraft:mined":{"alexscaves:spelunkery_table":1,"minecraft:red_carpet":1,"minecraft:spruce_planks":27,"minecraft:white_bed":1,"minecraft:mossy_cobblestone":2,"minecraft:deepslate_diamond_ore":1,"minecraft:stripped_crimson_hyphae":1,"minecraft:grass_block":6,"minecraft:spruce_leaves":10,"minecraft:spawner":35,"minecraft:bookshelf":66,"minecraft:vine":7,"minecraft:iron_bars":6,"minecraft:packed_ice":20,"minecraft:stone":1,"minecraft:iron_block":2,"minecraft:quartz_block":25,"minecraft:powder_snow":6,"minecraft:crafting_table":4,"minecraft:blast_furnace":1,"minecraft:sculk_sensor":1,"minecraft:sculk":13,"minecraft:white_terracotta":1,"minecraft:spruce_log":33,"minecraft:grass":1,"minecraft:dirt":3,"minecraft:cracked_stone_bricks":2,"minecraft:stone_bricks":6,"minecraft:mossy_stone_bricks":9,"minecraft:oak_leaves":2,"minecraft:cyan_candle":1,"minecraft:deepslate":6},"minecraft:used":{"minecraft:iron_bars":4,"minecraft:spruce_planks":157,"minecraft:white_terracotta":1,"minecraft:iron_sword":127,"tombstone:lollipop":1,"minecraft:torch":73,"minecraft:dirt":9,"minecraft:anvil":1,"wom:diamond_armbracelet":1,"minecraft:iron_axe":141,"minecraft:bow":88,"minecraft:cooked_cod":1,"tombstone:gift":5,"minecraft:cooked_beef":14,"minecraft:beetroot_soup":1,"minecraft:water_bucket":2,"epicfight:skillbook":11,"minecraft:ender_pearl":1,"minecraft:mossy_cobblestone":22,"minecraft:golden_apple":3,"minecraft:crafting_table":3,"born_in_chaos_v1:skullbreaker_hammer":1,"minecraft:white_bed":2,"minecraft:bread":51,"minecraft:iron_pickaxe":127,"tombstone:grave_key":5,"minecraft:potion":5,"minecraft:bucket":3,"alexsmobs:animal_dictionary":1,"minecraft:experience_bottle":1},"minecraft:custom":{"minecraft:interact_with_smithing_table":1,"lootr:looted_stat":92,"minecraft:interact_with_anvil":2,"minecraft:mob_kills":65,"minecraft:interact_with_crafting_table":10,"minecraft:open_barrel":20,"minecraft:damage_dealt_resisted":438,"minecraft:leave_game":1,"minecraft:time_since_death":53491,"minecraft:climb_one_cm":3115,"minecraft:sprint_one_cm":571326,"minecraft:walk_one_cm":761618,"minecraft:drop":35,"tombstone:eaten_lollipop":1,"minecraft:play_time":246970,"minecraft:deaths":31,"minecraft:sneak_time":13000,"minecraft:walk_under_water_one_cm":12987,"minecraft:jump":1175,"minecraft:interact_with_blast_furnace":3,"minecraft:walk_on_water_one_cm":15051,"minecraft:total_world_time":246970,"minecraft:sleep_in_bed":4,"minecraft:time_since_rest":53333,"minecraft:damage_taken":13238,"minecraft:damage_absorbed":120,"minecraft:damage_dealt":8202,"minecraft:swim_one_cm":18423,"minecraft:fly_one_cm":126593,"minecraft:player_kills":2,"minecraft:open_chest":12,"minecraft:crouch_one_cm":37890,"tombstone:undead_killed":33,"minecraft:fall_one_cm":29733},"minecraft:picked_up":{"minecraft:wooden_axe":1,"minecraft:crafting_table":4,"minecraft:iron_chestplate":1,"minecraft:chicken":1,"minecraft:leather_leggings":5,"irons_spellbooks:tarnished_helmet":1,"minecraft:shield":2,"minecraft:string":18,"minecraft:iron_leggings":1,"minecraft:beetroot":3,"minecraft:cobbled_deepslate":5,"minecraft:spruce_planks":32,"minecraft:bucket":1,"minecraft:spruce_slab":6,"minecraft:iron_boots":1,"minecraft:tipped_arrow":1,"minecraft:stick":4,"sophisticatedbackpacks:backpack":1,"epicfight:skillbook":6,"minecraft:porkchop":8,"tombstone:grave_dust":7,"minecraft:carrot":2,"tombstone:lollipop":1,"minecraft:quartz_block":6,"minecraft:rotten_flesh":8,"minecraft:arrow":13,"alexscaves:spelunkery_table":1,"minecraft:iron_block":2,"tombstone:essence_of_undeath":1,"minecraft:gold_ingot":20,"minecraft:white_terracotta":1,"minecraft:iron_bars":6,"minecraft:skeleton_skull":1,"born_in_chaos_v1:corpse_maggot":1,"minecraft:feather":1,"born_in_chaos_v1:monster_flesh":2,"minecraft:leather":1,"minecraft:golden_leggings":1,"minecraft:tuff":3,"minecraft:chainmail_chestplate":1,"minecraft:dirt":9,"minecraft:paper":1,"tombstone:gift":1,"born_in_chaos_v1:monster_skin":1,"minecraft:bone":12,"minecraft:stone_bricks":2,"minecraft:bow":1,"alexsmobs:cockroach_wing_fragment":1,"born_in_chaos_v1:skullbreaker_hammer":1,"minecraft:mossy_stone_bricks":1,"minecraft:cyan_candle":3,"minecraft:diamond_helmet":1,"minecraft:oak_planks":13,"minecraft:iron_sword":1,"minecraft:book":198,"irons_spellbooks:frozen_bone":11,"born_in_chaos_v1:ethereal_spirit":1,"minecraft:blast_furnace":1,"minecraft:white_bed":1,"minecraft:spruce_log":33,"minecraft:spider_eye":7,"minecraft:mossy_cobblestone":2,"minecraft:diamond":1,"wom:diamond_legtopseal":1,"minecraft:iron_helmet":1,"minecraft:crossbow":1,"tombstone:magic_scroll":1}},"DataVersion":3465}