{"stats":{"minecraft:picked_up":{"minecraft:wooden_axe":1,"minecraft:iron_chestplate":1,"minecraft:flower_pot":8,"alexscaves:cave_tablet":2,"minecraft:gilded_blackstone":2,"minecraft:amethyst_block":9,"minecraft:brewing_stand":3,"minecraft:polished_deepslate_wall":4,"minecraft:string":19,"minecraft:iron_leggings":1,"minecraft:beetroot":3,"minecraft:cobbled_deepslate":236,"minecraft:bucket":1,"minecraft:spruce_planks":32,"born_in_chaos_v1:stimulating_decoction":2,"minecraft:melon_slice":15,"minecraft:coal_block":3,"minecraft:iron_boots":1,"minecraft:tipped_arrow":1,"minecraft:stick":4,"born_in_chaos_v1:shattered_skull":1,"born_in_chaos_v1:phantom_powder":3,"minecraft:torch":7,"minecraft:porkchop":15,"epicfight:skillbook":7,"minecraft:honeycomb_block":4,"tombstone:grave_dust":11,"minecraft:golden_chestplate":1,"tombstone:lollipop":3,"minecraft:quartz_block":13,"minecraft:rotten_flesh":26,"minecraft:polished_basalt":4,"minecraft:iron_block":2,"minecraft:white_terracotta":1,"minecraft:iron_bars":6,"cataclysm:stone_pillar":1,"minecraft:cobblestone":1,"minecraft:sponge":4,"minecraft:feather":1,"minecraft:jungle_log":3,"minecraft:golden_leggings":1,"minecraft:potato":8,"minecraft:tuff":3,"minecraft:wither_skeleton_skull":1,"minecraft:lapis_lazuli":19,"minecraft:dirt":9,"born_in_chaos_v1:monster_skin":2,"minecraft:bone":24,"minecraft:leather_boots":1,"minecraft:bow":1,"born_in_chaos_v1:skullbreaker_hammer":1,"minecraft:raw_gold":4,"minecraft:mossy_stone_bricks":1,"minecraft:diamond_helmet":1,"minecraft:cyan_candle":3,"minecraft:bamboo":1,"minecraft:oak_planks":15,"irons_spellbooks:frozen_bone":11,"minecraft:barrel":2,"minecraft:mossy_cobblestone":4,"minecraft:quartz_bricks":18,"minecraft:diamond":1,"minecraft:slime_block":4,"minecraft:crossbow":1,"minecraft:emerald":2,"minecraft:diamond_pickaxe":1,"minecraft:spruce_leaves":1,"minecraft:crafting_table":4,"minecraft:chicken":1,"minecraft:leather_leggings":6,"irons_spellbooks:tarnished_helmet":1,"minecraft:brown_mushroom":1,"minecraft:shield":2,"minecraft:brick":20,"born_in_chaos_v1:intoxicating_decoction":2,"farmersdelight:wild_potatoes":4,"born_in_chaos_v1:gnawed_bones":1,"minecraft:poppy":1,"minecraft:spruce_slab":6,"minecraft:raw_iron":10,"minecraft:raw_gold_block":3,"sophisticatedbackpacks:backpack":1,"minecraft:quartz_pillar":16,"minecraft:carrot":2,"minecraft:redstone":34,"minecraft:arrow":57,"minecraft:deepslate_bricks":20,"alexscaves:spelunkery_table":1,"tombstone:essence_of_undeath":1,"minecraft:gold_ingot":20,"minecraft:rail":1,"minecraft:skeleton_skull":1,"born_in_chaos_v1:corpse_maggot":2,"born_in_chaos_v1:monster_flesh":2,"minecraft:leather":1,"minecraft:fern":2,"minecraft:red_mushroom":3,"minecraft:ochre_froglight":19,"minecraft:crimson_fungus":1,"minecraft:chainmail_chestplate":1,"minecraft:paper":24,"tombstone:gift":1,"minecraft:stone_bricks":2,"alexsmobs:cockroach_wing_fragment":1,"minecraft:iron_ingot":17,"minecraft:iron_sword":1,"minecraft:flowering_azalea":1,"minecraft:book":198,"minecraft:scaffolding":34,"minecraft:warped_fungus":3,"minecraft:quartz":1,"born_in_chaos_v1:ethereal_spirit":3,"minecraft:raw_iron_block":3,"minecraft:amethyst_shard":26,"minecraft:blast_furnace":1,"minecraft:white_bed":1,"minecraft:spruce_log":33,"minecraft:spider_eye":7,"wom:diamond_legtopseal":1,"minecraft:honey_block":4,"minecraft:iron_helmet":1,"tombstone:magic_scroll":1,"minecraft:coal":5},"minecraft:crafted":{"minecraft:spruce_planks":132,"sophisticatedbackpacks:diamond_backpack":1,"minecraft:stick":4,"minecraft:iron_pickaxe":1,"minecraft:iron_ingot":18,"minecraft:iron_block":3,"minecraft:iron_axe":1,"sophisticatedbackpacks:iron_backpack":1,"sophisticatedbackpacks:gold_backpack":1,"minecraft:golden_apple":7,"minecraft:anvil":1,"minecraft:white_bed":1},"minecraft:used":{"minecraft:white_terracotta":1,"minecraft:iron_sword":136,"tombstone:lollipop":1,"wom:diamond_armbracelet":1,"minecraft:bow":163,"minecraft:cooked_cod":1,"epicfight:skillbook":12,"minecraft:ender_pearl":5,"minecraft:golden_apple":8,"alexscaves:cave_book":4,"minecraft:bread":81,"tombstone:grave_key":10,"minecraft:experience_bottle":1,"minecraft:iron_bars":4,"minecraft:spruce_planks":157,"minecraft:torch":123,"minecraft:dirt":9,"minecraft:anvil":1,"minecraft:iron_axe":178,"alexscaves:spelunkery_table":1,"tombstone:gift":8,"minecraft:cooked_beef":18,"minecraft:cobbled_deepslate":1,"minecraft:beetroot_soup":1,"minecraft:water_bucket":16,"minecraft:mossy_cobblestone":54,"minecraft:crafting_table":3,"born_in_chaos_v1:skullbreaker_hammer":1,"minecraft:white_bed":2,"minecraft:diamond_pickaxe":341,"minecraft:iron_pickaxe":225,"minecraft:potion":5,"minecraft:cobblestone":1,"minecraft:bucket":17,"alexsmobs:animal_dictionary":1},"minecraft:killed":{"born_in_chaos_v1:zombie_clown":1,"minecraft:cave_spider":8,"born_in_chaos_v1:restless_spirit":1,"born_in_chaos_v1:zombie_lumberjack":1,"minecraft:spider":9,"born_in_chaos_v1:baby_skeleton_minion":2,"minecraft:skeleton":12,"minecraft:chicken":1,"minecraft:silverfish":1,"irons_spellbooks:summoned_skeleton":2,"minecraft:pig":8,"irons_spellbooks:necromancer":1,"minecraft:creeper":1,"minecraft:zombie":24,"born_in_chaos_v1:dread_hound":2,"born_in_chaos_v1:corpse_fly":1,"minecraft:stray":5,"born_in_chaos_v1:maggot":3,"minecraft:warden":1,"born_in_chaos_v1:mr_pumpkin_controlled":1,"minecraft:husk":3,"graveyard:ghoul":2,"cataclysm:the_watcher":7,"minecraft:bat":1,"born_in_chaos_v1:decrepit_skeleton":3,"born_in_chaos_v1:phantom_creeper_copy":2,"born_in_chaos_v1:decaying_zombie":2,"alexsmobs:cockroach":1},"minecraft:mined":{"minecraft:large_amethyst_bud":1,"minecraft:spruce_planks":27,"minecraft:blackstone_stairs":1,"minecraft:white_bed":1,"minecraft:sculk_vein":4,"minecraft:potted_crimson_fungus":1,"minecraft:brewing_stand":3,"minecraft:budding_amethyst":2,"minecraft:stripped_crimson_hyphae":1,"minecraft:grass_block":6,"minecraft:coal_block":3,"minecraft:deepslate_bricks":17,"minecraft:potted_fern":1,"minecraft:gilded_blackstone":3,"minecraft:spawner":35,"minecraft:potted_warped_fungus":1,"minecraft:raw_iron_block":3,"minecraft:iron_ore":5,"minecraft:barrel":2,"minecraft:cobbled_deepslate":2,"minecraft:potted_red_mushroom":1,"minecraft:deepslate_lapis_ore":2,"minecraft:anvil":1,"minecraft:sculk_shrieker":1,"minecraft:iron_bars":6,"minecraft:iron_block":2,"farmersdelight:wild_potatoes":8,"minecraft:deepslate_redstone_ore":3,"minecraft:potted_brown_mushroom":1,"minecraft:quartz_block":33,"minecraft:blackstone":2,"minecraft:powder_snow":6,"minecraft:torch":2,"minecraft:blast_furnace":3,"minecraft:melon":3,"minecraft:glass":6,"minecraft:nether_quartz_ore":1,"minecraft:honeycomb_block":4,"minecraft:slime_block":4,"minecraft:grindstone":1,"minecraft:wall_torch":3,"minecraft:amethyst_block":8,"minecraft:white_terracotta":1,"minecraft:blue_ice":1,"minecraft:potted_poppy":1,"minecraft:grass":1,"minecraft:dirt":3,"minecraft:wither_skeleton_skull":1,"minecraft:polished_deepslate_wall":4,"minecraft:oak_leaves":2,"minecraft:cyan_candle":1,"minecraft:deepslate":238,"alexscaves:spelunkery_table":1,"minecraft:red_carpet":1,"minecraft:mossy_cobblestone":4,"minecraft:deepslate_diamond_ore":1,"minecraft:decorated_pot":5,"minecraft:spruce_leaves":15,"minecraft:potted_bamboo":1,"minecraft:redstone_ore":2,"minecraft:raw_gold_block":3,"minecraft:polished_basalt":4,"minecraft:bookshelf":66,"minecraft:deepslate_iron_ore":5,"minecraft:vine":7,"minecraft:packed_ice":20,"minecraft:stone":2,"minecraft:scaffolding":10,"minecraft:glass_pane":2,"minecraft:crafting_table":4,"minecraft:honey_block":4,"minecraft:blackstone_slab":1,"minecraft:emerald_ore":1,"minecraft:sponge":4,"minecraft:sculk_sensor":1,"minecraft:quartz_bricks":9,"minecraft:deepslate_coal_ore":3,"minecraft:lapis_ore":1,"minecraft:deepslate_gold_ore":2,"minecraft:sculk":21,"minecraft:spruce_log":33,"minecraft:quartz_pillar":8,"minecraft:coal_ore":2,"minecraft:ochre_froglight":19,"minecraft:cobweb":1,"minecraft:cracked_stone_bricks":2,"minecraft:stone_bricks":6,"minecraft:mossy_stone_bricks":9,"minecraft:gold_ore":2,"minecraft:deepslate_emerald_ore":1,"minecraft:fern":1},"minecraft:killed_by":{"cataclysm:the_watcher":2,"born_in_chaos_v1:zombie_bruiser":1,"minecraft:cave_spider":1,"minecraft:zombie":4,"minecraft:vex":3,"minecraft:husk":12,"minecraft:stray":2,"minecraft:enderman":1,"minecraft:skeleton":8,"born_in_chaos_v1:dread_hound":1},"minecraft:broken":{"minecraft:iron_boots":1,"minecraft:iron_axe":1,"minecraft:iron_pickaxe":1},"minecraft:custom":{"lootr:looted_stat":95,"minecraft:interact_with_crafting_table":12,"minecraft:open_barrel":23,"minecraft:leave_game":3,"minecraft:time_since_death":40164,"minecraft:sprint_one_cm":814276,"minecraft:drop":89,"tombstone:eaten_lollipop":1,"minecraft:play_time":376437,"minecraft:deaths":37,"minecraft:jump":2038,"minecraft:walk_on_water_one_cm":20708,"minecraft:interact_with_furnace":3,"minecraft:interact_with_loom":17,"minecraft:sleep_in_bed":4,"minecraft:damage_dealt":11452,"minecraft:player_kills":3,"minecraft:crouch_one_cm":59058,"tombstone:undead_killed":58,"minecraft:interact_with_smithing_table":1,"minecraft:mob_kills":109,"minecraft:interact_with_anvil":2,"minecraft:inspect_hopper":2,"minecraft:damage_dealt_resisted":2147483647,"minecraft:climb_one_cm":19281,"minecraft:walk_one_cm":1114442,"minecraft:sneak_time":21563,"minecraft:walk_under_water_one_cm":20789,"minecraft:interact_with_blast_furnace":3,"minecraft:total_world_time":376437,"minecraft:time_since_rest":39962,"minecraft:damage_taken":17516,"minecraft:damage_absorbed":280,"minecraft:swim_one_cm":21340,"minecraft:fly_one_cm":196525,"minecraft:open_chest":17,"minecraft:fall_one_cm":56363},"minecraft:dropped":{"minecraft:brown_mushroom":1,"minecraft:warped_fungus":3,"minecraft:glass_bottle":1,"minecraft:saddle":1,"minecraft:quartz_pillar":16,"minecraft:rail":1,"minecraft:red_mushroom":3,"minecraft:spruce_leaves":1,"born_in_chaos_v1:monster_flesh":1,"minecraft:dark_oak_fence":1,"farmersdelight:wild_potatoes":4,"minecraft:gilded_blackstone":2,"minecraft:fishing_rod":1,"minecraft:crimson_fungus":1,"minecraft:cobbled_deepslate":103,"minecraft:beetroot":3,"minecraft:rotten_flesh":10,"minecraft:oak_planks":13,"minecraft:fern":2,"minecraft:quartz_bricks":18,"minecraft:chainmail_chestplate":1,"minecraft:poppy":1,"minecraft:quartz_block":7,"minecraft:jungle_log":3,"minecraft:leather_boots":1,"minecraft:leather_leggings":4,"minecraft:quartz":1,"born_in_chaos_v1:skullbreaker_hammer":1,"minecraft:feather":1,"minecraft:book":9,"cataclysm:stone_pillar":1,"minecraft:stick":4,"tombstone:magic_scroll":1,"minecraft:diamond_helmet":1,"tombstone:grave_dust":5,"minecraft:potion":2,"minecraft:cyan_candle":3,"minecraft:flowering_azalea":1,"minecraft:polished_basalt":4,"minecraft:paper":59,"minecraft:polished_deepslate_wall":4,"minecraft:bucket":1,"minecraft:redstone":31,"minecraft:chicken":1,"minecraft:name_tag":2,"wom:diamond_legtopseal":2,"minecraft:deepslate_bricks":20,"minecraft:potato":8,"alexsmobs:cockroach_wing_fragment":1,"minecraft:spider_eye":1,"minecraft:bamboo":1,"sophisticatedbackpacks:copper_backpack":1,"epicfight:skillbook":5}},"DataVersion":3465}