{"stats":{"minecraft:picked_up":{"minecraft:wooden_axe":1,"minecraft:crafting_table":4,"minecraft:iron_chestplate":1,"minecraft:flower_pot":8,"minecraft:chicken":1,"minecraft:leather_leggings":6,"irons_spellbooks:tarnished_helmet":1,"minecraft:brown_mushroom":1,"alexscaves:cave_tablet":2,"minecraft:gilded_blackstone":2,"minecraft:brewing_stand":3,"minecraft:polished_deepslate_wall":4,"minecraft:brick":20,"minecraft:shield":2,"minecraft:amethyst_block":8,"minecraft:string":18,"minecraft:iron_leggings":1,"born_in_chaos_v1:intoxicating_decoction":2,"minecraft:beetroot":3,"minecraft:cobbled_deepslate":231,"minecraft:bucket":1,"minecraft:spruce_planks":32,"minecraft:poppy":1,"minecraft:spruce_slab":6,"born_in_chaos_v1:stimulating_decoction":2,"minecraft:melon_slice":15,"minecraft:coal_block":3,"minecraft:iron_boots":1,"minecraft:tipped_arrow":1,"minecraft:raw_iron":10,"minecraft:stick":4,"minecraft:raw_gold_block":3,"minecraft:torch":4,"sophisticatedbackpacks:backpack":1,"epicfight:skillbook":6,"minecraft:porkchop":8,"minecraft:honeycomb_block":4,"minecraft:quartz_pillar":16,"tombstone:grave_dust":7,"minecraft:carrot":2,"minecraft:redstone":34,"tombstone:lollipop":2,"minecraft:quartz_block":13,"minecraft:arrow":14,"minecraft:rotten_flesh":10,"minecraft:deepslate_bricks":20,"minecraft:polished_basalt":4,"alexscaves:spelunkery_table":1,"minecraft:iron_block":2,"tombstone:essence_of_undeath":1,"minecraft:gold_ingot":20,"minecraft:white_terracotta":1,"minecraft:iron_bars":6,"cataclysm:stone_pillar":1,"minecraft:skeleton_skull":1,"minecraft:rail":1,"minecraft:sponge":4,"born_in_chaos_v1:corpse_maggot":1,"minecraft:feather":1,"born_in_chaos_v1:monster_flesh":2,"minecraft:fern":2,"minecraft:leather":1,"minecraft:golden_leggings":1,"minecraft:red_mushroom":3,"minecraft:ochre_froglight":19,"minecraft:crimson_fungus":1,"minecraft:tuff":3,"minecraft:chainmail_chestplate":1,"minecraft:wither_skeleton_skull":1,"minecraft:lapis_lazuli":19,"minecraft:paper":24,"minecraft:dirt":9,"tombstone:gift":1,"born_in_chaos_v1:monster_skin":1,"minecraft:leather_boots":1,"minecraft:bone":14,"minecraft:stone_bricks":2,"minecraft:raw_gold":4,"minecraft:bow":1,"alexsmobs:cockroach_wing_fragment":1,"born_in_chaos_v1:skullbreaker_hammer":1,"minecraft:iron_ingot":16,"minecraft:mossy_stone_bricks":1,"minecraft:cyan_candle":3,"minecraft:diamond_helmet":1,"minecraft:bamboo":1,"minecraft:iron_sword":1,"minecraft:oak_planks":13,"minecraft:flowering_azalea":1,"minecraft:book":198,"minecraft:scaffolding":34,"minecraft:warped_fungus":3,"irons_spellbooks:frozen_bone":11,"minecraft:quartz":1,"born_in_chaos_v1:ethereal_spirit":1,"minecraft:raw_iron_block":3,"minecraft:amethyst_shard":14,"minecraft:barrel":2,"minecraft:blast_furnace":1,"minecraft:white_bed":1,"minecraft:spruce_log":33,"minecraft:spider_eye":7,"minecraft:mossy_cobblestone":2,"minecraft:quartz_bricks":18,"minecraft:diamond":1,"minecraft:slime_block":4,"wom:diamond_legtopseal":1,"minecraft:honey_block":4,"minecraft:iron_helmet":1,"minecraft:crossbow":1,"minecraft:emerald":2,"tombstone:magic_scroll":1,"minecraft:coal":5,"minecraft:diamond_pickaxe":1},"minecraft:crafted":{"minecraft:iron_axe":1,"sophisticatedbackpacks:iron_backpack":1,"minecraft:spruce_planks":132,"sophisticatedbackpacks:gold_backpack":1,"minecraft:golden_apple":7,"sophisticatedbackpacks:diamond_backpack":1,"minecraft:stick":4,"minecraft:iron_ingot":18,"minecraft:iron_pickaxe":1,"minecraft:iron_block":3,"minecraft:anvil":1,"minecraft:white_bed":1},"minecraft:used":{"minecraft:iron_bars":4,"minecraft:spruce_planks":157,"minecraft:white_terracotta":1,"minecraft:iron_sword":127,"tombstone:lollipop":1,"minecraft:torch":99,"minecraft:dirt":9,"minecraft:anvil":1,"wom:diamond_armbracelet":1,"minecraft:iron_axe":152,"minecraft:bow":116,"minecraft:cooked_cod":1,"tombstone:gift":6,"minecraft:cooked_beef":17,"minecraft:beetroot_soup":1,"minecraft:water_bucket":14,"epicfight:skillbook":11,"minecraft:ender_pearl":3,"minecraft:golden_apple":8,"minecraft:mossy_cobblestone":29,"minecraft:crafting_table":3,"born_in_chaos_v1:skullbreaker_hammer":1,"minecraft:white_bed":2,"minecraft:diamond_pickaxe":324,"minecraft:bread":65,"minecraft:iron_pickaxe":225,"tombstone:grave_key":7,"minecraft:potion":5,"minecraft:bucket":15,"alexsmobs:animal_dictionary":1,"minecraft:experience_bottle":1},"minecraft:killed":{"born_in_chaos_v1:zombie_clown":1,"minecraft:cave_spider":8,"minecraft:spider":9,"born_in_chaos_v1:maggot":2,"born_in_chaos_v1:baby_skeleton_minion":2,"minecraft:skeleton":8,"minecraft:chicken":1,"minecraft:silverfish":1,"minecraft:warden":1,"irons_spellbooks:summoned_skeleton":2,"minecraft:husk":3,"minecraft:pig":4,"cataclysm:the_watcher":7,"minecraft:bat":1,"irons_spellbooks:necromancer":1,"minecraft:zombie":15,"alexsmobs:cockroach":1,"born_in_chaos_v1:dread_hound":1,"born_in_chaos_v1:corpse_fly":1,"minecraft:stray":5},"minecraft:mined":{"alexscaves:spelunkery_table":1,"minecraft:red_carpet":1,"minecraft:spruce_planks":27,"minecraft:blackstone_stairs":1,"minecraft:white_bed":1,"minecraft:mossy_cobblestone":2,"minecraft:deepslate_diamond_ore":1,"minecraft:sculk_vein":4,"minecraft:potted_crimson_fungus":1,"minecraft:brewing_stand":3,"minecraft:budding_amethyst":2,"minecraft:stripped_crimson_hyphae":1,"minecraft:grass_block":6,"minecraft:decorated_pot":5,"minecraft:coal_block":3,"minecraft:deepslate_bricks":17,"minecraft:spruce_leaves":10,"minecraft:potted_bamboo":1,"minecraft:gilded_blackstone":3,"minecraft:spawner":35,"minecraft:potted_fern":1,"minecraft:potted_warped_fungus":1,"minecraft:redstone_ore":2,"minecraft:raw_iron_block":3,"minecraft:raw_gold_block":3,"minecraft:barrel":2,"minecraft:iron_ore":5,"minecraft:polished_basalt":4,"minecraft:potted_red_mushroom":1,"minecraft:anvil":1,"minecraft:deepslate_lapis_ore":2,"minecraft:sculk_shrieker":1,"minecraft:bookshelf":66,"minecraft:deepslate_iron_ore":5,"minecraft:vine":7,"minecraft:iron_bars":6,"minecraft:packed_ice":20,"minecraft:stone":1,"minecraft:iron_block":2,"minecraft:deepslate_redstone_ore":3,"minecraft:scaffolding":10,"minecraft:glass_pane":2,"minecraft:potted_brown_mushroom":1,"minecraft:quartz_block":33,"minecraft:blackstone":2,"minecraft:powder_snow":6,"minecraft:melon":3,"minecraft:crafting_table":4,"minecraft:torch":1,"minecraft:honey_block":4,"minecraft:emerald_ore":1,"minecraft:blast_furnace":3,"minecraft:blackstone_slab":1,"minecraft:sponge":4,"minecraft:sculk_sensor":1,"minecraft:glass":6,"minecraft:nether_quartz_ore":1,"minecraft:honeycomb_block":4,"minecraft:slime_block":4,"minecraft:deepslate_coal_ore":3,"minecraft:quartz_bricks":9,"minecraft:grindstone":1,"minecraft:deepslate_gold_ore":2,"minecraft:lapis_ore":1,"minecraft:sculk":21,"minecraft:wall_torch":1,"minecraft:amethyst_block":8,"minecraft:white_terracotta":1,"minecraft:blue_ice":1,"minecraft:spruce_log":33,"minecraft:quartz_pillar":8,"minecraft:potted_poppy":1,"minecraft:grass":1,"minecraft:coal_ore":2,"minecraft:ochre_froglight":19,"minecraft:dirt":3,"minecraft:cracked_stone_bricks":2,"minecraft:wither_skeleton_skull":1,"minecraft:stone_bricks":6,"minecraft:polished_deepslate_wall":4,"minecraft:gold_ore":2,"minecraft:mossy_stone_bricks":9,"minecraft:deepslate_emerald_ore":1,"minecraft:oak_leaves":2,"minecraft:cyan_candle":1,"minecraft:deepslate":238},"minecraft:killed_by":{"cataclysm:the_watcher":2,"minecraft:husk":12,"minecraft:stray":2,"born_in_chaos_v1:zombie_bruiser":1,"minecraft:cave_spider":1,"minecraft:skeleton":6,"minecraft:zombie":4,"born_in_chaos_v1:dread_hound":1,"minecraft:vex":3},"minecraft:broken":{"minecraft:iron_boots":1,"minecraft:iron_pickaxe":1},"minecraft:custom":{"minecraft:interact_with_smithing_table":1,"lootr:looted_stat":92,"minecraft:interact_with_anvil":2,"minecraft:mob_kills":76,"minecraft:inspect_hopper":2,"minecraft:interact_with_crafting_table":10,"minecraft:open_barrel":23,"minecraft:damage_dealt_resisted":438,"minecraft:leave_game":3,"minecraft:time_since_death":5015,"minecraft:climb_one_cm":19141,"minecraft:sprint_one_cm":662798,"minecraft:walk_one_cm":945414,"minecraft:drop":70,"tombstone:eaten_lollipop":1,"minecraft:play_time":298611,"minecraft:sneak_time":19928,"minecraft:deaths":33,"minecraft:walk_under_water_one_cm":19755,"minecraft:jump":1523,"minecraft:interact_with_blast_furnace":3,"minecraft:walk_on_water_one_cm":20203,"minecraft:total_world_time":298611,"minecraft:sleep_in_bed":4,"minecraft:time_since_rest":4936,"minecraft:damage_taken":15394,"minecraft:damage_absorbed":280,"minecraft:damage_dealt":9069,"minecraft:player_kills":3,"minecraft:swim_one_cm":21340,"minecraft:fly_one_cm":151890,"minecraft:open_chest":14,"minecraft:crouch_one_cm":57729,"tombstone:undead_killed":37,"minecraft:fall_one_cm":40694},"minecraft:dropped":{"minecraft:brown_mushroom":1,"minecraft:warped_fungus":3,"minecraft:glass_bottle":1,"minecraft:feather":1,"minecraft:book":9,"cataclysm:stone_pillar":1,"minecraft:saddle":1,"minecraft:quartz_pillar":16,"minecraft:rail":1,"minecraft:red_mushroom":3,"minecraft:stick":4,"born_in_chaos_v1:monster_flesh":1,"minecraft:dark_oak_fence":1,"minecraft:diamond_helmet":1,"tombstone:grave_dust":5,"minecraft:potion":2,"minecraft:gilded_blackstone":2,"minecraft:cyan_candle":3,"minecraft:flowering_azalea":1,"minecraft:polished_basalt":4,"minecraft:paper":59,"minecraft:bucket":1,"minecraft:fishing_rod":1,"minecraft:redstone":31,"minecraft:crimson_fungus":1,"minecraft:cobbled_deepslate":103,"minecraft:fern":2,"minecraft:beetroot":3,"minecraft:chicken":1,"minecraft:rotten_flesh":5,"minecraft:oak_planks":13,"minecraft:name_tag":2,"minecraft:quartz_bricks":18,"wom:diamond_legtopseal":2,"minecraft:chainmail_chestplate":1,"minecraft:deepslate_bricks":9,"minecraft:poppy":1,"alexsmobs:cockroach_wing_fragment":1,"minecraft:quartz_block":7,"minecraft:leather_boots":1,"minecraft:leather_leggings":4,"minecraft:spider_eye":1,"minecraft:bamboo":1,"minecraft:quartz":1,"born_in_chaos_v1:skullbreaker_hammer":1,"epicfight:skillbook":4}},"DataVersion":3465}