{"stats":{"minecraft:killed_by":{"minecraft:husk":11,"minecraft:stray":3,"minecraft:spider":1,"graveyard:skeleton_creeper":2,"minecraft:skeleton":9,"minecraft:zombie":2},"minecraft:dropped":{"sophisticatedbackpacks:iron_backpack":1,"minecraft:iron_ingot":15,"minecraft:golden_boots":4,"minecraft:iron_sword":1,"minecraft:wheat_seeds":1,"minecraft:golden_helmet":1,"irons_spellbooks:concentration_amulet":1,"minecraft:glass_bottle":6,"minecraft:iron_helmet":2,"minecraft:cobblestone":6,"minecraft:apple":1,"minecraft:cracked_stone_bricks":2,"minecraft:emerald":48,"sophisticatedbackpacks:gold_backpack":2,"minecraft:dirt":2,"mca:book_romance":1,"minecraft:cornflower":1,"minecraft:diamond_helmet":1,"minecraft:potion":2,"minecraft:iron_leggings":5,"minecraft:chain":1,"minecraft:paper":1,"minecraft:white_wool":4,"epicfight:stray_pants":3,"minecraft:gold_ingot":20,"minecraft:stone_axe":2,"minecraft:golden_chestplate":1,"minecraft:stone_sword":2,"minecraft:cocoa_beans":1,"relics:drowned_belt":1,"born_in_chaos_v1:ethereal_spirit":1,"minecraft:oak_planks":1,"minecraft:iron_boots":3,"wom:diamond_legtopseal":1,"minecraft:white_bed":1,"minecraft:chainmail_chestplate":1,"minecraft:filled_map":1,"minecraft:leather_chestplate":1,"minecraft:cyan_wool":6,"minecraft:shield":2,"minecraft:bundle":4,"minecraft:iron_chestplate":4,"minecraft:leather_boots":5,"minecraft:golden_leggings":3,"minecraft:chainmail_boots":1,"minecraft:leather_leggings":4,"minecraft:spider_eye":2,"minecraft:spruce_slab":7,"minecraft:iron_bars":2,"relics:spatial_sign":1,"epicfight:skillbook":4},"minecraft:crafted":{"minecraft:wooden_sword":1,"minecraft:stone_shovel":1,"epicfight:diamond_spear":1,"minecraft:diamond_helmet":1,"minecraft:iron_boots":2,"minecraft:stone_pickaxe":1,"minecraft:chest":1,"minecraft:dark_oak_planks":12,"sophisticatedbackpacks:iron_backpack":5,"minecraft:diamond_sword":1,"sophisticatedbackpacks:backpack":1,"minecraft:crafting_table":7,"minecraft:enchanting_table":1,"minecraft:spruce_planks":124,"minecraft:wooden_pickaxe":1,"sophisticatedbackpacks:gold_backpack":4,"minecraft:birch_planks":4,"minecraft:iron_chestplate":1,"minecraft:golden_leggings":1,"sophisticatedbackpacks:diamond_backpack":1,"minecraft:stick":16,"minecraft:wooden_axe":1,"minecraft:stone_sword":1,"minecraft:acacia_planks":8},"minecraft:broken":{"minecraft:leather_leggings":1,"minecraft:iron_boots":1,"minecraft:golden_leggings":1,"minecraft:leather_boots":1,"minecraft:iron_helmet":1},"minecraft:killed":{"mca:female_zombie_villager":1,"minecraft:cave_spider":9,"born_in_chaos_v1:zombie_lumberjack":1,"minecraft:spider":3,"born_in_chaos_v1:zombie_bruiser":1,"born_in_chaos_v1:maggot":11,"minecraft:skeleton":33,"born_in_chaos_v1:skeleton_thrasher":1,"born_in_chaos_v1:spiritof_chaos":1,"minecraft:husk":2,"born_in_chaos_v1:diamond_termite":6,"born_in_chaos_v1:baby_skeleton":1,"minecraft:creeper":1,"born_in_chaos_v1:decrepit_skeleton":2,"minecraft:pillager":8,"minecraft:zombie":52,"minecraft:stray":10,"mowziesmobs:naga":1},"minecraft:mined":{"minecraft:dark_oak_planks":3,"minecraft:spruce_planks":1,"minecraft:mossy_cobblestone":6,"minecraft:deepslate_diamond_ore":5,"minecraft:dark_oak_log":2,"minecraft:brewing_stand":2,"minecraft:dark_oak_fence":1,"minecraft:granite":2,"minecraft:grass_block":1,"minecraft:spruce_leaves":4,"minecraft:chiseled_stone_bricks":3,"minecraft:spawner":7,"minecraft:large_fern":7,"minecraft:furnace":1,"minecraft:cobbled_deepslate":1,"minecraft:acacia_wood":2,"minecraft:stripped_dark_oak_wood":1,"minecraft:enchanting_table":5,"minecraft:mossy_stone_brick_stairs":1,"minecraft:bookshelf":2,"minecraft:vine":1,"minecraft:iron_bars":6,"minecraft:lantern":3,"minecraft:spruce_pressure_plate":1,"minecraft:stone":25,"minecraft:deepslate_redstone_ore":1,"minecraft:red_bed":2,"minecraft:quartz_block":1,"minecraft:soul_lantern":1,"born_in_chaos_v1:infected_deepslate_diamond_ore":5,"minecraft:crafting_table":2,"minecraft:torch":4,"minecraft:dark_oak_wood":7,"minecraft:calcite":2,"minecraft:cobblestone":3,"minecraft:oak_planks":4,"minecraft:wall_torch":2,"minecraft:spruce_stairs":1,"minecraft:white_terracotta":4,"sophisticatedbackpacks:diamond_backpack":3,"minecraft:sweet_berry_bush":10,"minecraft:spruce_log":29,"minecraft:stone_brick_stairs":1,"minecraft:grass":1,"minecraft:dirt":1,"minecraft:cobweb":1,"minecraft:cracked_stone_bricks":3,"minecraft:acacia_planks":1,"minecraft:stone_bricks":8,"minecraft:mossy_stone_bricks":9,"minecraft:iron_trapdoor":1,"minecraft:deepslate":44,"minecraft:fern":2},"minecraft:used":{"minecraft:iron_bars":2,"minecraft:enchanting_table":5,"minecraft:tropical_fish":1,"minecraft:spruce_slab":2,"minecraft:spruce_planks":78,"minecraft:white_terracotta":3,"tombstone:lollipop":4,"minecraft:cooked_chicken":3,"minecraft:torch":79,"minecraft:dirt":2,"minecraft:brewing_stand":1,"minecraft:spyglass":116,"minecraft:spruce_stairs":1,"minecraft:carrot":12,"minecraft:dark_oak_planks":11,"minecraft:snowball":15,"sophisticatedbackpacks:diamond_backpack":3,"born_in_chaos_v1:corpse_maggot":2,"minecraft:wooden_axe":24,"minecraft:stripped_dark_oak_wood":1,"minecraft:lantern":3,"minecraft:dark_oak_wood":6,"minecraft:stone_brick_stairs":1,"minecraft:item_frame":1,"minecraft:stone_bricks":4,"minecraft:bow":141,"minecraft:sweet_berries":9,"minecraft:goat_horn":1,"tombstone:gift":6,"minecraft:potato":14,"minecraft:cooked_beef":7,"minecraft:cobbled_deepslate":18,"minecraft:acacia_planks":9,"minecraft:calcite":2,"minecraft:cooked_mutton":1,"epicfight:skillbook":10,"minecraft:mossy_stone_bricks":6,"farmersdelight:skillet":1,"minecraft:birch_planks":4,"minecraft:bundle":1,"minecraft:baked_potato":8,"minecraft:oak_planks":17,"minecraft:ender_pearl":2,"minecraft:wooden_pickaxe":17,"minecraft:golden_apple":2,"minecraft:cracked_stone_bricks":1,"minecraft:white_wool":4,"minecraft:salmon":6,"minecraft:mossy_cobblestone":2,"epicfight:diamond_spear":283,"minecraft:crafting_table":9,"minecraft:red_bed":2,"minecraft:crossbow":1,"minecraft:cod":3,"minecraft:spruce_log":1,"tombstone:bag_of_seeds":2,"minecraft:apple":45,"minecraft:bread":32,"minecraft:iron_pickaxe":140,"minecraft:spruce_pressure_plate":1,"minecraft:golden_leggings":1,"tombstone:grave_key":4,"minecraft:spruce_sapling":2,"minecraft:soul_lantern":1,"minecraft:stone_axe":1,"minecraft:chiseled_stone_bricks":3,"minecraft:diamond_sword":140,"minecraft:potion":8,"minecraft:cobblestone":11,"minecraft:white_banner":2,"minecraft:cooked_rabbit":3,"minecraft:birch_log":1,"minecraft:pumpkin_pie":1,"minecraft:cobweb":2,"minecraft:experience_bottle":2,"tombstone:scroll_of_unstable_intangibility":1},"minecraft:custom":{"lootr:looted_stat":73,"minecraft:mob_kills":149,"minecraft:interact_with_crafting_table":28,"minecraft:open_barrel":15,"minecraft:damage_dealt_resisted":759,"minecraft:leave_game":2,"minecraft:time_since_death":3179,"minecraft:climb_one_cm":4991,"minecraft:damage_resisted":399,"minecraft:sprint_one_cm":750610,"minecraft:walk_one_cm":455206,"minecraft:drop":110,"tombstone:eaten_lollipop":4,"minecraft:play_time":201445,"minecraft:deaths":28,"minecraft:sneak_time":5454,"minecraft:walk_under_water_one_cm":10647,"minecraft:jump":2778,"minecraft:interact_with_brewingstand":1,"minecraft:interact_with_blast_furnace":1,"minecraft:walk_on_water_one_cm":14391,"minecraft:enchant_item":3,"minecraft:total_world_time":201445,"minecraft:raid_trigger":1,"minecraft:sleep_in_bed":6,"minecraft:time_since_rest":2583,"minecraft:damage_taken":11979,"minecraft:damage_absorbed":996,"minecraft:damage_dealt":22104,"tombstone:cast_on_ally":2,"minecraft:player_kills":2,"minecraft:swim_one_cm":19082,"minecraft:fly_one_cm":608119,"minecraft:crouch_one_cm":18427,"tombstone:undead_killed":104,"minecraft:interact_with_smoker":1,"minecraft:fall_one_cm":57561},"minecraft:picked_up":{"born_in_chaos_v1:diamond_termite_shard":5,"minecraft:cocoa_beans":1,"minecraft:iron_chestplate":3,"minecraft:crafting_table":2,"minecraft:chainmail_boots":1,"minecraft:iron_trapdoor":1,"minecraft:leather_leggings":5,"minecraft:potion":4,"minecraft:stone_brick_stairs":1,"minecraft:chain":1,"minecraft:brewing_stand":2,"minecraft:shield":3,"epicfight:stray_pants":3,"minecraft:string":15,"minecraft:red_bed":3,"minecraft:iron_leggings":3,"minecraft:item_frame":1,"minecraft:cracked_stone_bricks":4,"minecraft:cobbled_deepslate":30,"minecraft:spruce_planks":1,"minecraft:cyan_wool":6,"minecraft:calcite":2,"minecraft:spruce_slab":9,"relics:drowned_belt":1,"minecraft:furnace":1,"minecraft:tipped_arrow":6,"minecraft:golden_helmet":1,"minecraft:spruce_pressure_plate":1,"minecraft:stick":2,"born_in_chaos_v1:shattered_skull":2,"minecraft:torch":19,"minecraft:spruce_stairs":1,"epicfight:skillbook":11,"tombstone:grave_dust":33,"born_in_chaos_v1:pieceofdarkmetal":6,"minecraft:golden_chestplate":1,"minecraft:dark_oak_planks":3,"tombstone:lollipop":4,"minecraft:quartz_block":2,"minecraft:stone_sword":1,"minecraft:arrow":83,"minecraft:rotten_flesh":57,"relics:spatial_sign":1,"minecraft:stripped_dark_oak_wood":2,"minecraft:white_terracotta":3,"minecraft:iron_bars":6,"minecraft:snowball":15,"minecraft:cobblestone":26,"minecraft:birch_log":2,"minecraft:enchanting_table":5,"born_in_chaos_v1:corpse_maggot":5,"minecraft:leather_chestplate":1,"minecraft:leather":1,"minecraft:golden_leggings":2,"minecraft:acacia_wood":2,"minecraft:filled_map":1,"minecraft:golden_boots":4,"minecraft:gunpowder":2,"irons_spellbooks:concentration_amulet":1,"minecraft:dirt":4,"minecraft:paper":1,"minecraft:lantern":3,"minecraft:white_banner":2,"minecraft:name_tag":2,"minecraft:leather_boots":6,"minecraft:bone":60,"minecraft:apple":1,"minecraft:stone_bricks":7,"minecraft:bow":1,"minecraft:wheat_seeds":1,"minecraft:iron_ingot":1,"tombstone:bag_of_seeds":2,"minecraft:mossy_stone_bricks":8,"minecraft:diamond_helmet":2,"minecraft:glass_bottle":6,"minecraft:oak_planks":22,"minecraft:iron_sword":3,"minecraft:mossy_stone_brick_stairs":1,"sophisticatedbackpacks:diamond_backpack":3,"minecraft:book":15,"minecraft:oak_slab":1,"irons_spellbooks:frozen_bone":36,"minecraft:sweet_berries":22,"minecraft:chiseled_stone_bricks":3,"born_in_chaos_v1:ethereal_spirit":1,"minecraft:spruce_sapling":1,"minecraft:white_bed":1,"minecraft:spruce_log":29,"minecraft:dark_oak_log":1,"minecraft:spider_eye":2,"minecraft:mossy_cobblestone":3,"mowziesmobs:naga_fang":1,"minecraft:bundle":7,"minecraft:diamond_shovel":1,"born_in_chaos_v1:fire_dust":1,"minecraft:diamond":6,"minecraft:stone_axe":2,"wom:diamond_legtopseal":1,"minecraft:soul_lantern":1,"minecraft:iron_helmet":1,"minecraft:crossbow":1,"minecraft:painting":2,"minecraft:golden_apple":1,"minecraft:emerald":49,"tombstone:magic_scroll":3,"minecraft:netherrack":4,"minecraft:dark_oak_wood":7,"minecraft:coal":1}},"DataVersion":3465}