{"stats":{"minecraft:killed_by":{"cataclysm:the_watcher":1,"minecraft:creeper":1,"graveyard:skeleton_creeper":2,"minecraft:zombie":2,"minecraft:husk":11,"minecraft:player":1,"minecraft:stray":3,"minecraft:spider":1,"minecraft:warden":1,"minecraft:skeleton":13},"minecraft:dropped":{"sophisticatedbackpacks:iron_backpack":1,"minecraft:iron_sword":1,"minecraft:cooked_beef":1,"irons_spellbooks:concentration_amulet":1,"minecraft:glass_bottle":7,"minecraft:cracked_stone_bricks":2,"minecraft:leather_helmet":1,"sophisticatedbackpacks:gold_backpack":2,"minecraft:emerald":48,"minecraft:dirt":2,"minecraft:cornflower":1,"minecraft:chain":1,"minecraft:white_wool":4,"minecraft:bone":3,"minecraft:gold_ingot":20,"minecraft:stone_axe":2,"minecraft:golden_chestplate":1,"relics:drowned_belt":1,"born_in_chaos_v1:ethereal_spirit":1,"minecraft:oak_planks":1,"minecraft:white_bed":1,"minecraft:chainmail_chestplate":1,"minecraft:leather_chestplate":1,"born_in_chaos_v1:corpse_maggot":1,"minecraft:leather_boots":5,"minecraft:chainmail_boots":1,"minecraft:leather_leggings":4,"minecraft:spruce_slab":7,"minecraft:iron_bars":2,"relics:spatial_sign":1,"minecraft:bread":3,"minecraft:golden_boots":4,"minecraft:iron_ingot":15,"minecraft:wheat_seeds":1,"minecraft:golden_helmet":1,"minecraft:iron_helmet":2,"minecraft:cobblestone":6,"minecraft:apple":1,"mca:book_romance":1,"tombstone:magic_scroll":2,"minecraft:diamond_helmet":1,"minecraft:potion":2,"minecraft:iron_leggings":6,"minecraft:paper":1,"epicfight:stray_pants":3,"minecraft:stone_sword":2,"minecraft:cocoa_beans":1,"minecraft:iron_boots":3,"wom:diamond_legtopseal":1,"minecraft:filled_map":1,"minecraft:cyan_wool":6,"minecraft:shield":2,"minecraft:bundle":6,"minecraft:iron_chestplate":4,"minecraft:diamond_pickaxe":1,"minecraft:golden_leggings":3,"minecraft:spider_eye":2,"epicfight:skillbook":8},"minecraft:crafted":{"minecraft:iron_boots":2,"minecraft:diamond_helmet":1,"minecraft:chest":1,"sophisticatedbackpacks:backpack":1,"minecraft:crafting_table":7,"minecraft:spruce_planks":124,"minecraft:wooden_pickaxe":1,"minecraft:birch_planks":4,"minecraft:iron_chestplate":1,"minecraft:golden_leggings":1,"sophisticatedbackpacks:diamond_backpack":1,"minecraft:stick":16,"minecraft:stone_sword":1,"minecraft:wooden_sword":1,"minecraft:stone_shovel":1,"epicfight:diamond_spear":1,"minecraft:stone_pickaxe":1,"minecraft:dark_oak_planks":12,"sophisticatedbackpacks:iron_backpack":5,"minecraft:diamond_sword":1,"minecraft:enchanting_table":1,"sophisticatedbackpacks:gold_backpack":4,"minecraft:wooden_axe":1,"minecraft:acacia_planks":8},"minecraft:broken":{"minecraft:golden_helmet":2,"minecraft:diamond_helmet":2,"minecraft:leather_leggings":1,"minecraft:iron_boots":1,"minecraft:iron_chestplate":1,"minecraft:golden_leggings":1,"minecraft:leather_boots":1,"minecraft:iron_helmet":1},"minecraft:killed":{"minecraft:cave_spider":9,"cataclysm:the_prowler":1,"born_in_chaos_v1:zombie_lumberjack":2,"minecraft:spider":3,"minecraft:skeleton":58,"born_in_chaos_v1:skeleton_thrasher":1,"irons_spellbooks:summoned_skeleton":1,"born_in_chaos_v1:diamond_termite":10,"minecraft:creeper":1,"minecraft:pillager":8,"minecraft:zombie":56,"born_in_chaos_v1:dread_hound":1,"born_in_chaos_v1:corpse_fly":1,"minecraft:stray":15,"mowziesmobs:naga":1,"mca:female_zombie_villager":1,"born_in_chaos_v1:zombie_bruiser":1,"born_in_chaos_v1:maggot":11,"born_in_chaos_v1:spiritof_chaos":1,"minecraft:husk":2,"born_in_chaos_v1:baby_skeleton":1,"cataclysm:the_watcher":3,"minecraft:bat":1,"born_in_chaos_v1:decrepit_skeleton":2,"minecraft:wither_skeleton":2},"minecraft:mined":{"minecraft:dark_oak_planks":3,"minecraft:spruce_planks":1,"minecraft:sculk_vein":2,"minecraft:brewing_stand":2,"cataclysm:stone_pillar":1,"minecraft:granite":2,"minecraft:budding_amethyst":2,"minecraft:grass_block":1,"minecraft:deepslate_bricks":16,"minecraft:chiseled_stone_bricks":3,"minecraft:spawner":13,"minecraft:sculk_catalyst":11,"minecraft:cobbled_deepslate":2,"minecraft:deepslate_lapis_ore":1,"minecraft:stripped_dark_oak_wood":1,"minecraft:enchanting_table":5,"minecraft:sculk_shrieker":1,"minecraft:iron_bars":8,"minecraft:spruce_pressure_plate":1,"minecraft:deepslate_redstone_ore":4,"minecraft:quartz_block":1,"minecraft:red_bed":2,"minecraft:amethyst_cluster":1,"minecraft:soul_lantern":1,"born_in_chaos_v1:infected_deepslate_diamond_ore":6,"minecraft:torch":4,"minecraft:dark_oak_wood":7,"minecraft:calcite":2,"minecraft:cobblestone":8,"minecraft:oak_planks":4,"minecraft:wall_torch":2,"minecraft:amethyst_block":10,"minecraft:white_terracotta":4,"sophisticatedbackpacks:diamond_backpack":3,"minecraft:stone_brick_stairs":1,"minecraft:grass":1,"minecraft:dirt":1,"minecraft:deepslate":93,"minecraft:mossy_cobblestone":8,"minecraft:deepslate_diamond_ore":8,"minecraft:dark_oak_log":2,"born_in_chaos_v1:infected_diamond_ore":1,"minecraft:dark_oak_fence":1,"minecraft:spruce_leaves":4,"minecraft:large_fern":7,"minecraft:furnace":1,"minecraft:acacia_wood":2,"minecraft:mossy_stone_brick_stairs":1,"minecraft:bookshelf":2,"minecraft:vine":4,"minecraft:lantern":3,"minecraft:stone":26,"minecraft:crafting_table":2,"minecraft:sculk_sensor":24,"minecraft:lapis_ore":5,"minecraft:deepslate_gold_ore":7,"minecraft:sculk":14,"minecraft:spruce_stairs":1,"minecraft:sweet_berry_bush":10,"minecraft:spruce_log":29,"minecraft:cobweb":1,"minecraft:cracked_stone_bricks":4,"minecraft:acacia_planks":1,"minecraft:polished_blackstone":1,"minecraft:stone_bricks":9,"minecraft:mossy_stone_bricks":9,"minecraft:iron_trapdoor":1,"minecraft:fern":2},"minecraft:used":{"tombstone:scroll_of_unstable_intangibility":1,"minecraft:spruce_slab":2,"minecraft:white_terracotta":3,"tombstone:lollipop":8,"minecraft:carrot":12,"minecraft:snowball":15,"sophisticatedbackpacks:diamond_backpack":3,"born_in_chaos_v1:corpse_maggot":2,"minecraft:stripped_dark_oak_wood":1,"minecraft:lantern":3,"minecraft:dark_oak_wood":6,"minecraft:stone_brick_stairs":1,"minecraft:stone_bricks":4,"minecraft:item_frame":1,"minecraft:bow":199,"minecraft:sweet_berries":9,"minecraft:potato":14,"epicfight:skillbook":19,"minecraft:mossy_stone_bricks":8,"minecraft:oak_planks":17,"minecraft:ender_pearl":4,"minecraft:wooden_pickaxe":17,"minecraft:white_wool":4,"minecraft:golden_apple":5,"epicfight:diamond_spear":453,"alexscaves:cave_book":2,"minecraft:crossbow":1,"minecraft:bread":46,"tombstone:grave_key":5,"minecraft:soul_lantern":1,"minecraft:golden_helmet":1,"minecraft:diamond_sword":140,"minecraft:cooked_rabbit":3,"minecraft:birch_log":1,"minecraft:experience_bottle":2,"minecraft:cobweb":2,"minecraft:iron_bars":2,"minecraft:enchanting_table":5,"minecraft:tropical_fish":1,"minecraft:spruce_planks":81,"minecraft:cooked_chicken":3,"minecraft:torch":92,"minecraft:dirt":2,"minecraft:brewing_stand":1,"minecraft:spyglass":128,"minecraft:spruce_stairs":1,"minecraft:dark_oak_planks":11,"minecraft:wooden_axe":24,"minecraft:goat_horn":1,"tombstone:gift":6,"minecraft:cooked_beef":13,"minecraft:acacia_planks":9,"minecraft:cobbled_deepslate":52,"minecraft:cherry_log":1,"minecraft:calcite":2,"minecraft:cooked_mutton":1,"farmersdelight:skillet":1,"minecraft:birch_planks":4,"minecraft:bundle":1,"minecraft:baked_potato":8,"minecraft:deepslate_bricks":9,"minecraft:cracked_stone_bricks":1,"minecraft:salmon":6,"minecraft:mossy_cobblestone":2,"minecraft:crafting_table":9,"minecraft:red_bed":2,"minecraft:cod":3,"minecraft:spruce_log":1,"tombstone:bag_of_seeds":2,"minecraft:diamond_pickaxe":123,"minecraft:apple":45,"minecraft:diamond_shovel":1,"minecraft:iron_pickaxe":198,"tombstone:magic_scroll":1,"minecraft:spruce_pressure_plate":1,"minecraft:spruce_sapling":2,"minecraft:golden_leggings":1,"minecraft:stone_axe":1,"minecraft:chiseled_stone_bricks":3,"minecraft:cobblestone":16,"minecraft:potion":10,"minecraft:porkchop":5,"minecraft:white_banner":2,"minecraft:pumpkin_pie":3},"minecraft:custom":{"lootr:looted_stat":86,"minecraft:interact_with_crafting_table":28,"minecraft:open_barrel":17,"minecraft:leave_game":3,"minecraft:time_since_death":2608,"minecraft:damage_resisted":399,"minecraft:sprint_one_cm":1035973,"minecraft:drop":128,"tombstone:eaten_lollipop":8,"minecraft:play_time":273824,"minecraft:deaths":38,"minecraft:jump":3996,"minecraft:interact_with_brewingstand":1,"minecraft:walk_on_water_one_cm":19582,"minecraft:enchant_item":3,"minecraft:sleep_in_bed":6,"minecraft:damage_dealt":30714,"minecraft:player_kills":3,"minecraft:crouch_one_cm":37688,"tombstone:undead_killed":142,"minecraft:interact_with_smoker":1,"minecraft:mob_kills":198,"minecraft:damage_dealt_resisted":759,"minecraft:climb_one_cm":7228,"minecraft:walk_one_cm":571016,"minecraft:sneak_time":13071,"minecraft:walk_under_water_one_cm":16517,"minecraft:interact_with_blast_furnace":1,"minecraft:total_world_time":273824,"minecraft:raid_trigger":1,"minecraft:time_since_rest":2360,"minecraft:damage_taken":18587,"minecraft:damage_absorbed":7137,"tombstone:cast_on_ally":2,"minecraft:swim_one_cm":19082,"minecraft:fly_one_cm":860173,"minecraft:open_chest":4,"minecraft:fall_one_cm":99056},"minecraft:picked_up":{"minecraft:iron_chestplate":3,"minecraft:chainmail_boots":1,"minecraft:iron_trapdoor":1,"alexscaves:cave_tablet":2,"minecraft:potion":4,"minecraft:stone_brick_stairs":1,"minecraft:brewing_stand":2,"minecraft:amethyst_block":9,"minecraft:string":15,"minecraft:iron_leggings":3,"minecraft:cobbled_deepslate":65,"minecraft:spruce_planks":1,"minecraft:calcite":2,"minecraft:furnace":1,"minecraft:tipped_arrow":10,"minecraft:golden_helmet":2,"minecraft:spruce_pressure_plate":1,"minecraft:stick":2,"born_in_chaos_v1:shattered_skull":2,"minecraft:torch":19,"minecraft:spruce_stairs":1,"epicfight:skillbook":19,"minecraft:cherry_log":1,"tombstone:grave_dust":39,"minecraft:golden_chestplate":1,"tombstone:lollipop":8,"minecraft:quartz_block":2,"minecraft:stone_sword":2,"minecraft:rotten_flesh":61,"minecraft:white_terracotta":3,"minecraft:iron_bars":8,"minecraft:snowball":15,"minecraft:cobblestone":31,"minecraft:birch_log":2,"minecraft:enchanting_table":5,"minecraft:leather_chestplate":1,"minecraft:cooked_beef":1,"minecraft:golden_leggings":2,"minecraft:lapis_lazuli":34,"irons_spellbooks:concentration_amulet":1,"minecraft:dirt":4,"minecraft:lantern":3,"minecraft:name_tag":2,"born_in_chaos_v1:monster_skin":1,"minecraft:leather_boots":6,"minecraft:bone":103,"minecraft:bow":5,"minecraft:wheat_seeds":1,"minecraft:raw_gold":7,"minecraft:mossy_stone_bricks":8,"minecraft:diamond_helmet":2,"minecraft:oak_planks":22,"minecraft:mossy_stone_brick_stairs":1,"irons_spellbooks:frozen_bone":56,"minecraft:nether_brick_stairs":1,"minecraft:dark_oak_log":1,"minecraft:mossy_cobblestone":3,"minecraft:bundle":10,"born_in_chaos_v1:fire_dust":1,"minecraft:diamond":9,"minecraft:soul_lantern":1,"minecraft:crossbow":1,"minecraft:golden_apple":1,"minecraft:emerald":49,"minecraft:netherrack":4,"minecraft:cocoa_beans":1,"minecraft:crafting_table":2,"born_in_chaos_v1:diamond_termite_shard":9,"minecraft:leather_leggings":5,"minecraft:chain":1,"minecraft:shield":3,"epicfight:stray_pants":3,"minecraft:red_bed":3,"minecraft:iron_axe":1,"epicfight:stray_hat":1,"minecraft:item_frame":1,"minecraft:cracked_stone_bricks":4,"minecraft:cyan_wool":6,"minecraft:spruce_slab":9,"relics:drowned_belt":1,"born_in_chaos_v1:pieceofdarkmetal":6,"minecraft:redstone":15,"minecraft:dark_oak_planks":3,"minecraft:arrow":112,"relics:spatial_sign":1,"minecraft:deepslate_bricks":9,"minecraft:stripped_dark_oak_wood":2,"born_in_chaos_v1:corpse_maggot":6,"born_in_chaos_v1:monster_flesh":1,"minecraft:glow_ink_sac":5,"minecraft:leather":1,"minecraft:acacia_wood":2,"minecraft:filled_map":1,"minecraft:golden_boots":4,"minecraft:gunpowder":2,"minecraft:paper":15,"minecraft:white_banner":2,"minecraft:apple":1,"minecraft:stone_bricks":8,"minecraft:iron_ingot":11,"tombstone:bag_of_seeds":2,"minecraft:glass_bottle":7,"minecraft:iron_sword":3,"sophisticatedbackpacks:diamond_backpack":3,"minecraft:oak_slab":1,"minecraft:book":15,"minecraft:sweet_berries":22,"minecraft:chiseled_stone_bricks":3,"born_in_chaos_v1:ethereal_spirit":1,"minecraft:amethyst_shard":12,"minecraft:spruce_sapling":1,"minecraft:white_bed":1,"minecraft:spruce_log":29,"minecraft:spider_eye":2,"minecraft:leather_helmet":1,"mowziesmobs:naga_fang":1,"minecraft:diamond_shovel":1,"minecraft:stone_axe":2,"wom:diamond_legtopseal":1,"minecraft:iron_helmet":2,"minecraft:painting":2,"tombstone:magic_scroll":8,"minecraft:dark_oak_wood":7,"minecraft:coal":2}},"DataVersion":3465}