{"stats":{"minecraft:killed_by":{"minecraft:player":1,"born_in_chaos_v1:spirit_guide_assistant":1},"minecraft:picked_up":{"minecraft:crafting_table":4,"minecraft:feather":2,"minecraft:chicken":2,"minecraft:leather":4,"minecraft:wooden_pickaxe":1,"minecraft:oak_log":6,"minecraft:gunpowder":1,"minecraft:string":2,"minecraft:dirt":1,"minecraft:wooden_sword":1,"minecraft:bone":1,"minecraft:wheat_seeds":2,"born_in_chaos_v1:smoked_flesh":3,"minecraft:beef":7,"minecraft:sugar_cane":13,"minecraft:furnace":1,"minecraft:egg":1,"minecraft:torch":14,"minecraft:acacia_log":5,"minecraft:porkchop":12,"minecraft:carrot":9,"minecraft:spider_eye":1,"minecraft:arrow":1,"minecraft:rotten_flesh":2,"minecraft:mutton":3,"minecraft:coal":16,"minecraft:white_wool":2,"minecraft:cobblestone":22},"minecraft:dropped":{"mca:book_romance":1,"minecraft:wooden_sword":2,"minecraft:wooden_pickaxe":2},"minecraft:custom":{"minecraft:interact_with_furnace":4,"minecraft:mob_kills":20,"minecraft:interact_with_crafting_table":6,"minecraft:damage_dealt_resisted":86,"minecraft:leave_game":8,"minecraft:time_since_death":14200,"minecraft:time_since_rest":13665,"minecraft:sprint_one_cm":79771,"minecraft:damage_taken":1155,"minecraft:walk_one_cm":56629,"minecraft:drop":5,"minecraft:damage_dealt":2485,"minecraft:swim_one_cm":5220,"minecraft:fly_one_cm":182186,"minecraft:crouch_one_cm":3569,"minecraft:play_time":26544,"tombstone:undead_killed":1,"minecraft:deaths":2,"minecraft:sneak_time":1044,"minecraft:walk_under_water_one_cm":332,"minecraft:jump":679,"minecraft:walk_on_water_one_cm":1793,"minecraft:total_world_time":26544,"minecraft:fall_one_cm":21896},"minecraft:killed":{"minecraft:pig":6,"alexsmobs:raccoon":1,"minecraft:spider":1,"minecraft:creeper":1,"minecraft:sheep":2,"minecraft:zombie":1,"minecraft:chicken":2,"minecraft:cow":4},"minecraft:mined":{"farmersdelight:wild_carrots":10,"minecraft:crafting_table":3,"minecraft:torch":1,"minecraft:acacia_log":5,"minecraft:grass_block":1,"minecraft:tall_grass":1,"minecraft:sugar_cane":7,"minecraft:wall_torch":1,"minecraft:furnace":1,"minecraft:grass":6,"minecraft:coal_ore":15,"minecraft:oak_log":7,"minecraft:stone":18},"minecraft:used":{"minecraft:stone_sword":35,"minecraft:stone_pickaxe":26,"minecraft:wooden_pickaxe":8,"minecraft:torch":9,"minecraft:dirt":1,"minecraft:crafting_table":4,"minecraft:carrot":15,"minecraft:wooden_axe":7,"born_in_chaos_v1:smoked_flesh":3,"minecraft:wooden_sword":32,"minecraft:cobblestone":2,"minecraft:furnace":1,"minecraft:cooked_porkchop":3,"minecraft:egg":1},"minecraft:crafted":{"minecraft:wooden_sword":1,"minecraft:oak_planks":24,"minecraft:cooked_porkchop":3,"minecraft:crafting_table":1,"minecraft:wooden_pickaxe":1,"minecraft:furnace":1,"minecraft:air":0,"minecraft:stick":20,"minecraft:stone_pickaxe":1,"minecraft:wooden_axe":1,"minecraft:stone_sword":1,"minecraft:acacia_planks":20,"minecraft:torch":20}},"DataVersion":3465}