{"stats":{"minecraft:killed_by":{"graveyard:skeleton_creeper":2,"minecraft:zombie":2,"minecraft:husk":11,"minecraft:stray":3,"minecraft:spider":1,"minecraft:skeleton":11},"minecraft:dropped":{"sophisticatedbackpacks:iron_backpack":1,"minecraft:iron_sword":1,"minecraft:cooked_beef":1,"irons_spellbooks:concentration_amulet":1,"minecraft:glass_bottle":6,"minecraft:cracked_stone_bricks":2,"sophisticatedbackpacks:gold_backpack":2,"minecraft:emerald":48,"minecraft:dirt":2,"minecraft:cornflower":1,"minecraft:chain":1,"minecraft:white_wool":4,"minecraft:gold_ingot":20,"minecraft:stone_axe":2,"minecraft:golden_chestplate":1,"relics:drowned_belt":1,"born_in_chaos_v1:ethereal_spirit":1,"minecraft:oak_planks":1,"minecraft:white_bed":1,"minecraft:chainmail_chestplate":1,"minecraft:leather_chestplate":1,"minecraft:leather_boots":5,"minecraft:chainmail_boots":1,"minecraft:leather_leggings":4,"minecraft:spruce_slab":7,"minecraft:iron_bars":2,"relics:spatial_sign":1,"minecraft:golden_boots":4,"minecraft:iron_ingot":15,"minecraft:wheat_seeds":1,"minecraft:golden_helmet":1,"minecraft:iron_helmet":2,"minecraft:cobblestone":6,"minecraft:apple":1,"mca:book_romance":1,"tombstone:magic_scroll":2,"minecraft:diamond_helmet":1,"minecraft:potion":2,"minecraft:iron_leggings":5,"minecraft:paper":1,"epicfight:stray_pants":3,"minecraft:stone_sword":2,"minecraft:cocoa_beans":1,"minecraft:iron_boots":3,"wom:diamond_legtopseal":1,"minecraft:filled_map":1,"minecraft:cyan_wool":6,"minecraft:shield":2,"minecraft:bundle":6,"minecraft:iron_chestplate":4,"minecraft:golden_leggings":3,"minecraft:spider_eye":2,"epicfight:skillbook":7},"minecraft:crafted":{"minecraft:iron_boots":2,"minecraft:diamond_helmet":1,"minecraft:chest":1,"sophisticatedbackpacks:backpack":1,"minecraft:crafting_table":7,"minecraft:spruce_planks":124,"minecraft:wooden_pickaxe":1,"minecraft:birch_planks":4,"minecraft:iron_chestplate":1,"minecraft:golden_leggings":1,"sophisticatedbackpacks:diamond_backpack":1,"minecraft:stick":16,"minecraft:stone_sword":1,"minecraft:wooden_sword":1,"minecraft:stone_shovel":1,"epicfight:diamond_spear":1,"minecraft:stone_pickaxe":1,"minecraft:dark_oak_planks":12,"sophisticatedbackpacks:iron_backpack":5,"minecraft:diamond_sword":1,"minecraft:enchanting_table":1,"sophisticatedbackpacks:gold_backpack":4,"minecraft:wooden_axe":1,"minecraft:acacia_planks":8},"minecraft:broken":{"minecraft:golden_helmet":1,"minecraft:diamond_helmet":1,"minecraft:leather_leggings":1,"minecraft:iron_boots":1,"minecraft:iron_chestplate":1,"minecraft:golden_leggings":1,"minecraft:leather_boots":1,"minecraft:iron_helmet":1},"minecraft:killed":{"minecraft:cave_spider":9,"born_in_chaos_v1:zombie_lumberjack":2,"minecraft:spider":3,"minecraft:skeleton":51,"born_in_chaos_v1:skeleton_thrasher":1,"born_in_chaos_v1:diamond_termite":6,"minecraft:creeper":1,"minecraft:pillager":8,"minecraft:zombie":55,"minecraft:stray":14,"mowziesmobs:naga":1,"mca:female_zombie_villager":1,"born_in_chaos_v1:zombie_bruiser":1,"born_in_chaos_v1:maggot":11,"born_in_chaos_v1:spiritof_chaos":1,"minecraft:husk":2,"born_in_chaos_v1:baby_skeleton":1,"born_in_chaos_v1:decrepit_skeleton":2,"minecraft:wither_skeleton":2},"minecraft:mined":{"minecraft:dark_oak_planks":3,"minecraft:spruce_planks":1,"minecraft:brewing_stand":2,"minecraft:granite":2,"minecraft:grass_block":1,"minecraft:chiseled_stone_bricks":3,"minecraft:spawner":11,"minecraft:cobbled_deepslate":1,"minecraft:stripped_dark_oak_wood":1,"minecraft:enchanting_table":5,"minecraft:iron_bars":8,"minecraft:spruce_pressure_plate":1,"minecraft:deepslate_redstone_ore":1,"minecraft:quartz_block":1,"minecraft:red_bed":2,"minecraft:soul_lantern":1,"born_in_chaos_v1:infected_deepslate_diamond_ore":5,"minecraft:torch":4,"minecraft:dark_oak_wood":7,"minecraft:calcite":2,"minecraft:cobblestone":8,"minecraft:oak_planks":4,"minecraft:wall_torch":2,"minecraft:white_terracotta":4,"sophisticatedbackpacks:diamond_backpack":3,"minecraft:stone_brick_stairs":1,"minecraft:grass":1,"minecraft:dirt":1,"minecraft:deepslate":44,"minecraft:mossy_cobblestone":8,"minecraft:deepslate_diamond_ore":5,"minecraft:dark_oak_log":2,"minecraft:dark_oak_fence":1,"minecraft:spruce_leaves":4,"minecraft:large_fern":7,"minecraft:furnace":1,"minecraft:acacia_wood":2,"minecraft:mossy_stone_brick_stairs":1,"minecraft:bookshelf":2,"minecraft:vine":4,"minecraft:lantern":3,"minecraft:stone":26,"minecraft:crafting_table":2,"minecraft:spruce_stairs":1,"minecraft:sweet_berry_bush":10,"minecraft:spruce_log":29,"minecraft:cobweb":1,"minecraft:cracked_stone_bricks":4,"minecraft:acacia_planks":1,"minecraft:stone_bricks":9,"minecraft:mossy_stone_bricks":9,"minecraft:iron_trapdoor":1,"minecraft:fern":2},"minecraft:used":{"tombstone:scroll_of_unstable_intangibility":1,"minecraft:spruce_slab":2,"minecraft:white_terracotta":3,"tombstone:lollipop":5,"minecraft:carrot":12,"minecraft:snowball":15,"sophisticatedbackpacks:diamond_backpack":3,"born_in_chaos_v1:corpse_maggot":2,"minecraft:stripped_dark_oak_wood":1,"minecraft:lantern":3,"minecraft:dark_oak_wood":6,"minecraft:stone_brick_stairs":1,"minecraft:stone_bricks":4,"minecraft:item_frame":1,"minecraft:bow":141,"minecraft:sweet_berries":9,"minecraft:potato":14,"minecraft:mossy_stone_bricks":6,"epicfight:skillbook":16,"minecraft:oak_planks":17,"minecraft:ender_pearl":2,"minecraft:wooden_pickaxe":17,"minecraft:white_wool":4,"minecraft:golden_apple":2,"epicfight:diamond_spear":407,"minecraft:crossbow":1,"minecraft:bread":32,"tombstone:grave_key":4,"minecraft:golden_helmet":1,"minecraft:soul_lantern":1,"minecraft:diamond_sword":140,"minecraft:cooked_rabbit":3,"minecraft:birch_log":1,"minecraft:experience_bottle":2,"minecraft:cobweb":2,"minecraft:enchanting_table":5,"minecraft:iron_bars":2,"minecraft:tropical_fish":1,"minecraft:spruce_planks":78,"minecraft:cooked_chicken":3,"minecraft:torch":85,"minecraft:brewing_stand":1,"minecraft:dirt":2,"minecraft:spyglass":116,"minecraft:spruce_stairs":1,"minecraft:wooden_axe":24,"minecraft:dark_oak_planks":11,"minecraft:goat_horn":1,"tombstone:gift":6,"minecraft:cooked_beef":12,"minecraft:acacia_planks":9,"minecraft:cobbled_deepslate":18,"minecraft:cherry_log":1,"minecraft:calcite":2,"minecraft:cooked_mutton":1,"farmersdelight:skillet":1,"minecraft:birch_planks":4,"minecraft:bundle":1,"minecraft:baked_potato":8,"minecraft:cracked_stone_bricks":1,"minecraft:salmon":6,"minecraft:mossy_cobblestone":2,"minecraft:crafting_table":9,"minecraft:red_bed":2,"minecraft:cod":3,"minecraft:spruce_log":1,"tombstone:bag_of_seeds":2,"minecraft:diamond_pickaxe":9,"minecraft:apple":45,"minecraft:iron_pickaxe":150,"tombstone:magic_scroll":1,"minecraft:spruce_pressure_plate":1,"minecraft:spruce_sapling":2,"minecraft:golden_leggings":1,"minecraft:stone_axe":1,"minecraft:chiseled_stone_bricks":3,"minecraft:cobblestone":16,"minecraft:potion":8,"minecraft:white_banner":2,"minecraft:pumpkin_pie":3},"minecraft:custom":{"lootr:looted_stat":79,"minecraft:interact_with_crafting_table":28,"minecraft:open_barrel":15,"minecraft:leave_game":2,"minecraft:time_since_death":1091,"minecraft:damage_resisted":399,"minecraft:sprint_one_cm":820512,"minecraft:drop":118,"tombstone:eaten_lollipop":5,"minecraft:play_time":213445,"minecraft:deaths":30,"minecraft:jump":2844,"minecraft:interact_with_brewingstand":1,"minecraft:walk_on_water_one_cm":14391,"minecraft:enchant_item":3,"minecraft:sleep_in_bed":6,"minecraft:damage_dealt":27642,"minecraft:player_kills":2,"minecraft:crouch_one_cm":18732,"tombstone:undead_killed":132,"minecraft:interact_with_smoker":1,"minecraft:mob_kills":177,"minecraft:damage_dealt_resisted":759,"minecraft:climb_one_cm":6874,"minecraft:walk_one_cm":485723,"minecraft:sneak_time":5532,"minecraft:walk_under_water_one_cm":10647,"minecraft:interact_with_blast_furnace":1,"minecraft:total_world_time":213445,"minecraft:raid_trigger":1,"minecraft:time_since_rest":813,"minecraft:damage_taken":15399,"minecraft:damage_absorbed":7057,"tombstone:cast_on_ally":2,"minecraft:swim_one_cm":19082,"minecraft:fly_one_cm":620161,"minecraft:fall_one_cm":57561},"minecraft:picked_up":{"minecraft:iron_chestplate":3,"minecraft:chainmail_boots":1,"minecraft:iron_trapdoor":1,"minecraft:potion":4,"minecraft:stone_brick_stairs":1,"minecraft:brewing_stand":2,"minecraft:string":15,"minecraft:iron_leggings":3,"minecraft:cobbled_deepslate":30,"minecraft:spruce_planks":1,"minecraft:calcite":2,"minecraft:furnace":1,"minecraft:golden_helmet":2,"minecraft:tipped_arrow":9,"minecraft:spruce_pressure_plate":1,"minecraft:stick":2,"born_in_chaos_v1:shattered_skull":2,"minecraft:torch":19,"minecraft:spruce_stairs":1,"epicfight:skillbook":17,"minecraft:cherry_log":1,"tombstone:grave_dust":39,"minecraft:golden_chestplate":1,"tombstone:lollipop":6,"minecraft:quartz_block":2,"minecraft:stone_sword":2,"minecraft:rotten_flesh":61,"minecraft:white_terracotta":3,"minecraft:snowball":15,"minecraft:iron_bars":8,"minecraft:cobblestone":31,"minecraft:birch_log":2,"minecraft:enchanting_table":5,"minecraft:leather_chestplate":1,"minecraft:cooked_beef":1,"minecraft:golden_leggings":2,"irons_spellbooks:concentration_amulet":1,"minecraft:dirt":4,"minecraft:lantern":3,"minecraft:name_tag":2,"minecraft:leather_boots":6,"minecraft:bone":91,"minecraft:bow":4,"minecraft:wheat_seeds":1,"minecraft:mossy_stone_bricks":8,"minecraft:diamond_helmet":2,"minecraft:mossy_stone_brick_stairs":1,"minecraft:oak_planks":22,"irons_spellbooks:frozen_bone":52,"minecraft:dark_oak_log":1,"minecraft:mossy_cobblestone":3,"minecraft:bundle":10,"born_in_chaos_v1:fire_dust":1,"minecraft:diamond":6,"minecraft:soul_lantern":1,"minecraft:crossbow":1,"minecraft:golden_apple":1,"minecraft:emerald":49,"minecraft:netherrack":4,"minecraft:cocoa_beans":1,"minecraft:crafting_table":2,"born_in_chaos_v1:diamond_termite_shard":5,"minecraft:leather_leggings":5,"minecraft:chain":1,"minecraft:shield":3,"epicfight:stray_pants":3,"minecraft:red_bed":3,"minecraft:iron_axe":1,"epicfight:stray_hat":1,"minecraft:item_frame":1,"minecraft:cracked_stone_bricks":4,"minecraft:cyan_wool":6,"minecraft:spruce_slab":9,"relics:drowned_belt":1,"born_in_chaos_v1:pieceofdarkmetal":6,"minecraft:dark_oak_planks":3,"minecraft:arrow":103,"relics:spatial_sign":1,"minecraft:stripped_dark_oak_wood":2,"born_in_chaos_v1:corpse_maggot":5,"minecraft:leather":1,"minecraft:acacia_wood":2,"minecraft:filled_map":1,"minecraft:golden_boots":4,"minecraft:gunpowder":2,"minecraft:paper":1,"minecraft:white_banner":2,"minecraft:apple":1,"minecraft:stone_bricks":8,"minecraft:iron_ingot":2,"tombstone:bag_of_seeds":2,"minecraft:glass_bottle":6,"minecraft:iron_sword":3,"sophisticatedbackpacks:diamond_backpack":3,"minecraft:oak_slab":1,"minecraft:book":15,"minecraft:sweet_berries":22,"minecraft:chiseled_stone_bricks":3,"born_in_chaos_v1:ethereal_spirit":1,"minecraft:spruce_sapling":1,"minecraft:white_bed":1,"minecraft:spruce_log":29,"minecraft:spider_eye":2,"minecraft:leather_helmet":1,"mowziesmobs:naga_fang":1,"minecraft:diamond_shovel":1,"minecraft:stone_axe":2,"wom:diamond_legtopseal":1,"minecraft:iron_helmet":2,"minecraft:painting":2,"tombstone:magic_scroll":8,"minecraft:dark_oak_wood":7,"minecraft:coal":1}},"DataVersion":3465}