{"stats":{"minecraft:killed_by":{"minecraft:husk":11,"minecraft:stray":2,"minecraft:spider":1,"graveyard:skeleton_creeper":2,"minecraft:skeleton":5,"minecraft:zombie":1},"minecraft:dropped":{"sophisticatedbackpacks:iron_backpack":1,"minecraft:golden_boots":2,"minecraft:iron_ingot":15,"minecraft:iron_sword":1,"minecraft:wheat_seeds":1,"irons_spellbooks:concentration_amulet":1,"minecraft:glass_bottle":2,"minecraft:iron_helmet":2,"minecraft:cobblestone":6,"minecraft:apple":1,"sophisticatedbackpacks:gold_backpack":2,"minecraft:emerald":48,"minecraft:dirt":2,"mca:book_romance":1,"minecraft:cornflower":1,"minecraft:potion":2,"minecraft:iron_leggings":1,"minecraft:chain":1,"minecraft:paper":1,"minecraft:white_wool":4,"epicfight:stray_pants":1,"minecraft:gold_ingot":20,"minecraft:stone_axe":2,"minecraft:golden_chestplate":1,"minecraft:stone_sword":2,"relics:drowned_belt":1,"born_in_chaos_v1:ethereal_spirit":1,"minecraft:oak_planks":1,"minecraft:iron_boots":3,"wom:diamond_legtopseal":1,"minecraft:white_bed":1,"minecraft:chainmail_chestplate":1,"minecraft:filled_map":1,"minecraft:cyan_wool":6,"minecraft:shield":1,"minecraft:bundle":4,"minecraft:iron_chestplate":3,"minecraft:leather_boots":2,"minecraft:golden_leggings":2,"minecraft:leather_leggings":3,"minecraft:spruce_slab":7,"minecraft:iron_bars":2,"relics:spatial_sign":1,"epicfight:skillbook":4},"minecraft:crafted":{"minecraft:wooden_sword":1,"minecraft:stone_shovel":1,"epicfight:diamond_spear":1,"minecraft:diamond_helmet":1,"minecraft:iron_boots":2,"minecraft:chest":1,"minecraft:stone_pickaxe":1,"minecraft:dark_oak_planks":12,"sophisticatedbackpacks:iron_backpack":5,"sophisticatedbackpacks:backpack":1,"minecraft:diamond_sword":1,"minecraft:crafting_table":7,"minecraft:spruce_planks":124,"minecraft:enchanting_table":1,"minecraft:wooden_pickaxe":1,"sophisticatedbackpacks:gold_backpack":4,"minecraft:birch_planks":4,"minecraft:iron_chestplate":1,"minecraft:golden_leggings":1,"sophisticatedbackpacks:diamond_backpack":1,"minecraft:stick":16,"minecraft:wooden_axe":1,"minecraft:stone_sword":1,"minecraft:acacia_planks":8},"minecraft:broken":{"minecraft:iron_helmet":1},"minecraft:killed":{"mca:female_zombie_villager":1,"born_in_chaos_v1:zombie_lumberjack":1,"minecraft:spider":3,"born_in_chaos_v1:zombie_bruiser":1,"born_in_chaos_v1:maggot":9,"minecraft:skeleton":23,"born_in_chaos_v1:skeleton_thrasher":1,"born_in_chaos_v1:spiritof_chaos":1,"minecraft:husk":2,"born_in_chaos_v1:diamond_termite":6,"born_in_chaos_v1:baby_skeleton":1,"minecraft:creeper":1,"born_in_chaos_v1:decrepit_skeleton":2,"minecraft:pillager":8,"minecraft:zombie":32,"minecraft:stray":3,"mowziesmobs:naga":1},"minecraft:mined":{"minecraft:dark_oak_planks":3,"minecraft:spruce_planks":1,"minecraft:mossy_cobblestone":2,"minecraft:deepslate_diamond_ore":5,"minecraft:dark_oak_log":2,"minecraft:brewing_stand":2,"minecraft:dark_oak_fence":1,"minecraft:grass_block":1,"minecraft:spruce_leaves":4,"minecraft:chiseled_stone_bricks":3,"minecraft:spawner":6,"minecraft:large_fern":7,"minecraft:furnace":1,"minecraft:cobbled_deepslate":1,"minecraft:acacia_wood":2,"minecraft:stripped_dark_oak_wood":1,"minecraft:enchanting_table":4,"minecraft:bookshelf":2,"minecraft:vine":1,"minecraft:iron_bars":4,"minecraft:lantern":3,"minecraft:spruce_pressure_plate":1,"minecraft:stone":20,"minecraft:deepslate_redstone_ore":1,"minecraft:red_bed":2,"minecraft:soul_lantern":1,"minecraft:crafting_table":2,"born_in_chaos_v1:infected_deepslate_diamond_ore":5,"minecraft:torch":3,"minecraft:dark_oak_wood":7,"minecraft:calcite":2,"minecraft:oak_planks":4,"minecraft:wall_torch":1,"minecraft:spruce_stairs":1,"minecraft:white_terracotta":4,"sophisticatedbackpacks:diamond_backpack":3,"minecraft:sweet_berry_bush":10,"minecraft:spruce_log":29,"minecraft:grass":1,"minecraft:dirt":1,"minecraft:cobweb":1,"minecraft:cracked_stone_bricks":1,"minecraft:acacia_planks":1,"minecraft:stone_bricks":2,"minecraft:mossy_stone_bricks":5,"minecraft:iron_trapdoor":1,"minecraft:deepslate":44,"minecraft:fern":2},"minecraft:used":{"tombstone:scroll_of_unstable_intangibility":1,"minecraft:enchanting_table":4,"minecraft:tropical_fish":1,"minecraft:spruce_slab":2,"minecraft:spruce_planks":78,"minecraft:white_terracotta":3,"tombstone:lollipop":1,"minecraft:cooked_chicken":3,"minecraft:torch":52,"minecraft:brewing_stand":1,"minecraft:dirt":2,"minecraft:spyglass":116,"minecraft:spruce_stairs":1,"minecraft:carrot":12,"minecraft:snowball":15,"sophisticatedbackpacks:diamond_backpack":3,"born_in_chaos_v1:corpse_maggot":2,"minecraft:dark_oak_planks":11,"minecraft:wooden_axe":24,"minecraft:stripped_dark_oak_wood":1,"minecraft:lantern":3,"minecraft:dark_oak_wood":6,"minecraft:stone_bricks":1,"minecraft:item_frame":1,"minecraft:bow":97,"minecraft:sweet_berries":9,"minecraft:goat_horn":1,"tombstone:gift":6,"minecraft:cooked_beef":4,"minecraft:potato":14,"minecraft:cobbled_deepslate":18,"minecraft:acacia_planks":9,"minecraft:calcite":2,"minecraft:cooked_mutton":1,"minecraft:mossy_stone_bricks":3,"epicfight:skillbook":9,"farmersdelight:skillet":1,"minecraft:birch_planks":4,"minecraft:bundle":1,"minecraft:baked_potato":8,"minecraft:oak_planks":17,"minecraft:ender_pearl":2,"minecraft:wooden_pickaxe":17,"minecraft:mossy_cobblestone":1,"minecraft:cracked_stone_bricks":1,"minecraft:golden_apple":2,"minecraft:white_wool":4,"minecraft:salmon":6,"epicfight:diamond_spear":163,"minecraft:crafting_table":9,"minecraft:red_bed":2,"minecraft:crossbow":1,"minecraft:cod":3,"minecraft:spruce_log":1,"minecraft:apple":36,"minecraft:bread":32,"minecraft:iron_pickaxe":106,"minecraft:spruce_pressure_plate":1,"tombstone:grave_key":4,"minecraft:spruce_sapling":2,"minecraft:golden_leggings":1,"minecraft:soul_lantern":1,"minecraft:stone_axe":1,"minecraft:chiseled_stone_bricks":3,"minecraft:diamond_sword":140,"minecraft:potion":4,"minecraft:cobblestone":6,"minecraft:white_banner":2,"minecraft:cooked_rabbit":3,"minecraft:birch_log":1,"minecraft:cobweb":2,"minecraft:experience_bottle":2},"minecraft:custom":{"lootr:looted_stat":67,"minecraft:mob_kills":98,"minecraft:interact_with_crafting_table":28,"minecraft:open_barrel":15,"minecraft:damage_dealt_resisted":759,"minecraft:leave_game":1,"minecraft:time_since_death":9633,"minecraft:climb_one_cm":4831,"minecraft:damage_resisted":256,"minecraft:sprint_one_cm":663364,"minecraft:walk_one_cm":404149,"minecraft:drop":82,"tombstone:eaten_lollipop":1,"minecraft:play_time":180097,"minecraft:deaths":22,"minecraft:sneak_time":5089,"minecraft:walk_under_water_one_cm":10647,"minecraft:jump":2706,"minecraft:interact_with_brewingstand":1,"minecraft:interact_with_blast_furnace":1,"minecraft:walk_on_water_one_cm":14391,"minecraft:total_world_time":180097,"minecraft:raid_trigger":1,"minecraft:sleep_in_bed":6,"minecraft:time_since_rest":9380,"minecraft:damage_taken":9412,"minecraft:damage_absorbed":441,"minecraft:damage_dealt":16248,"tombstone:cast_on_ally":2,"minecraft:swim_one_cm":19082,"minecraft:fly_one_cm":595839,"minecraft:player_kills":2,"minecraft:crouch_one_cm":17139,"tombstone:undead_killed":67,"minecraft:interact_with_smoker":1,"minecraft:fall_one_cm":57226},"minecraft:picked_up":{"minecraft:iron_chestplate":1,"born_in_chaos_v1:diamond_termite_shard":5,"minecraft:crafting_table":2,"minecraft:iron_trapdoor":1,"minecraft:leather_leggings":3,"minecraft:potion":3,"minecraft:chain":1,"minecraft:brewing_stand":2,"minecraft:shield":2,"epicfight:stray_pants":2,"minecraft:string":6,"minecraft:red_bed":3,"minecraft:item_frame":1,"minecraft:cracked_stone_bricks":1,"minecraft:cobbled_deepslate":30,"minecraft:spruce_planks":1,"minecraft:calcite":2,"minecraft:cyan_wool":6,"minecraft:spruce_slab":9,"minecraft:furnace":1,"relics:drowned_belt":1,"minecraft:tipped_arrow":2,"minecraft:spruce_pressure_plate":1,"minecraft:stick":2,"born_in_chaos_v1:shattered_skull":2,"minecraft:torch":14,"minecraft:spruce_stairs":1,"epicfight:skillbook":9,"tombstone:grave_dust":23,"born_in_chaos_v1:pieceofdarkmetal":6,"minecraft:golden_chestplate":1,"tombstone:lollipop":2,"minecraft:dark_oak_planks":3,"minecraft:stone_sword":1,"minecraft:arrow":58,"minecraft:rotten_flesh":43,"relics:spatial_sign":1,"minecraft:stripped_dark_oak_wood":2,"minecraft:white_terracotta":3,"minecraft:iron_bars":4,"minecraft:snowball":15,"minecraft:cobblestone":21,"minecraft:birch_log":2,"minecraft:enchanting_table":4,"born_in_chaos_v1:corpse_maggot":4,"minecraft:leather_chestplate":1,"minecraft:leather":1,"minecraft:golden_leggings":1,"minecraft:acacia_wood":2,"minecraft:filled_map":1,"minecraft:golden_boots":2,"minecraft:gunpowder":2,"minecraft:dirt":4,"irons_spellbooks:concentration_amulet":1,"minecraft:paper":1,"minecraft:lantern":3,"minecraft:white_banner":2,"minecraft:name_tag":2,"minecraft:leather_boots":2,"minecraft:bone":38,"minecraft:apple":1,"minecraft:stone_bricks":1,"minecraft:bow":1,"minecraft:wheat_seeds":1,"minecraft:iron_ingot":1,"minecraft:mossy_stone_bricks":5,"minecraft:glass_bottle":2,"minecraft:iron_sword":2,"minecraft:oak_planks":22,"sophisticatedbackpacks:diamond_backpack":3,"minecraft:book":15,"minecraft:oak_slab":1,"irons_spellbooks:frozen_bone":13,"minecraft:sweet_berries":22,"minecraft:chiseled_stone_bricks":3,"born_in_chaos_v1:ethereal_spirit":1,"minecraft:spruce_sapling":1,"minecraft:white_bed":1,"minecraft:spruce_log":29,"minecraft:mossy_cobblestone":2,"minecraft:dark_oak_log":1,"mowziesmobs:naga_fang":1,"minecraft:bundle":5,"born_in_chaos_v1:fire_dust":1,"minecraft:diamond":6,"minecraft:stone_axe":2,"wom:diamond_legtopseal":1,"minecraft:soul_lantern":1,"minecraft:iron_helmet":1,"minecraft:crossbow":1,"minecraft:painting":2,"minecraft:golden_apple":1,"minecraft:emerald":49,"tombstone:magic_scroll":2,"minecraft:coal":1,"minecraft:dark_oak_wood":7,"minecraft:netherrack":4}},"DataVersion":3465}