{"stats":{"minecraft:crafted":{"minecraft:wooden_sword":1,"minecraft:oak_planks":28,"minecraft:furnace":3,"minecraft:cooked_mutton":3,"minecraft:iron_boots":1,"minecraft:stone_pickaxe":1,"minecraft:chest":2,"sophisticatedbackpacks:iron_backpack":1,"minecraft:cooked_beef":7,"sophisticatedbackpacks:backpack":1,"minecraft:cooked_porkchop":11,"minecraft:crafting_table":4,"minecraft:wooden_pickaxe":1,"minecraft:iron_helmet":1,"minecraft:iron_sword":1,"sophisticatedbackpacks:gold_backpack":1,"minecraft:bucket":1,"minecraft:air":0,"minecraft:iron_chestplate":1,"sophisticatedbackpacks:diamond_backpack":1,"minecraft:stick":28,"minecraft:iron_ingot":44,"minecraft:iron_pickaxe":1,"minecraft:wooden_axe":1,"minecraft:stone_sword":1,"minecraft:iron_leggings":1,"minecraft:gold_ingot":13,"minecraft:acacia_planks":20,"minecraft:torch":20},"minecraft:killed":{"alexsmobs:raccoon":1,"minecraft:spider":7,"minecraft:skeleton":4,"minecraft:chicken":2,"born_in_chaos_v1:corpse_fish":1,"born_in_chaos_v1:firelight_not_despawn":1,"born_in_chaos_v1:fallen_chaos_knight":1,"minecraft:pig":6,"born_in_chaos_v1:diamond_termite":8,"mowziesmobs:umvuthana_follower_raptor":2,"minecraft:creeper":1,"minecraft:sheep":2,"minecraft:zombie":4,"born_in_chaos_v1:dread_hound":1,"born_in_chaos_v1:corpse_fly":3,"born_in_chaos_v1:nightmare_stalker":1,"minecraft:cow":4},"minecraft:used":{"minecraft:stone_sword":77,"minecraft:chest":1,"minecraft:iron_sword":69,"minecraft:rotten_flesh":2,"minecraft:torch":37,"minecraft:dirt":25,"minecraft:carrot":17,"minecraft:tuff":2,"minecraft:granite":9,"minecraft:wooden_axe":7,"born_in_chaos_v1:smoked_flesh":3,"minecraft:furnace":7,"tombstone:gift":3,"minecraft:egg":1,"minecraft:cooked_beef":9,"minecraft:cobbled_deepslate":17,"minecraft:brown_bed":1,"sophisticatedbackpacks:gold_backpack":1,"minecraft:cooked_mutton":3,"epicfight:skillbook":1,"minecraft:water_bucket":4,"minecraft:diorite":16,"minecraft:stone_pickaxe":231,"minecraft:wooden_pickaxe":8,"minecraft:glow_berries":3,"minecraft:crafting_table":9,"tombstone:bag_of_seeds":1,"minecraft:bread":3,"minecraft:iron_pickaxe":102,"minecraft:wooden_sword":32,"minecraft:cobblestone":29,"minecraft:porkchop":1,"minecraft:cooked_porkchop":7,"minecraft:andesite":3,"minecraft:bucket":5},"minecraft:dropped":{"minecraft:wheat_seeds":5,"minecraft:cobblestone":49,"born_in_chaos_v1:pieceofdarkmetal":3,"farmersdelight:rice":3,"minecraft:flint":1,"mca:book_romance":1,"minecraft:wooden_axe":1,"minecraft:wooden_sword":2,"minecraft:gravel":7,"minecraft:stone_sword":2,"alexsmobs:animal_dictionary":1,"born_in_chaos_v1:rotten_fish":1,"farmersdelight:cabbage_seeds":5,"minecraft:rotten_flesh":8,"sophisticatedbackpacks:diamond_backpack":1,"minecraft:pumpkin_seeds":3,"minecraft:andesite":5,"minecraft:spider_eye":2,"minecraft:wooden_pickaxe":2,"minecraft:stone_pickaxe":2},"minecraft:picked_up":{"sophisticatedbackpacks:gold_backpack":1,"born_in_chaos_v1:diamond_termite_shard":8,"minecraft:crafting_table":6,"minecraft:chicken":4,"minecraft:wooden_pickaxe":1,"minecraft:brown_bed":1,"minecraft:string":15,"minecraft:wooden_sword":1,"minecraft:cobbled_deepslate":69,"minecraft:beef":7,"minecraft:sugar_cane":13,"farmersdelight:cabbage_seeds":5,"minecraft:egg":1,"minecraft:furnace":8,"minecraft:raw_iron":48,"minecraft:torch":22,"minecraft:acacia_log":5,"epicfight:skillbook":1,"minecraft:porkchop":12,"born_in_chaos_v1:nightmare_claw":1,"tombstone:grave_dust":4,"minecraft:diorite":24,"born_in_chaos_v1:pieceofdarkmetal":5,"minecraft:carrot":9,"minecraft:rotten_flesh":14,"minecraft:stone_sword":1,"minecraft:arrow":6,"minecraft:mutton":3,"minecraft:cobblestone":99,"minecraft:white_wool":2,"minecraft:stripped_oak_log":1,"born_in_chaos_v1:corpse_maggot":3,"minecraft:feather":2,"minecraft:cooked_beef":5,"born_in_chaos_v1:monster_flesh":1,"minecraft:andesite":13,"minecraft:leather":8,"minecraft:flint":2,"minecraft:tuff":2,"minecraft:oak_log":6,"minecraft:gunpowder":1,"minecraft:dirt":25,"minecraft:lapis_lazuli":98,"minecraft:bone":3,"minecraft:wheat_seeds":5,"minecraft:raw_gold":22,"born_in_chaos_v1:smoked_flesh":3,"minecraft:stone_pickaxe":2,"tombstone:bag_of_seeds":1,"minecraft:oak_planks":5,"sophisticatedbackpacks:diamond_backpack":1,"minecraft:book":6,"minecraft:cooked_porkchop":2,"minecraft:gravel":7,"minecraft:blast_furnace":1,"alexsmobs:animal_dictionary":1,"minecraft:spider_eye":4,"born_in_chaos_v1:fire_dust":1,"minecraft:diamond":8,"minecraft:granite":16,"minecraft:bread":3,"born_in_chaos_v1:rotten_fish":2,"minecraft:coal":34},"minecraft:broken":{"minecraft:stone_pickaxe":1},"minecraft:mined":{"minecraft:tuff":4,"minecraft:deepslate_diamond_ore":5,"sophisticatedbackpacks:gold_backpack":1,"farmersdelight:wild_carrots":10,"minecraft:granite":16,"minecraft:acacia_log":5,"minecraft:grass_block":6,"minecraft:furnace":8,"minecraft:iron_ore":20,"minecraft:cobbled_deepslate":4,"minecraft:andesite":8,"minecraft:deepslate_lapis_ore":12,"minecraft:brown_bed":1,"minecraft:bookshelf":2,"minecraft:deepslate_iron_ore":27,"minecraft:stripped_oak_log":1,"minecraft:stone":69,"minecraft:crafting_table":4,"born_in_chaos_v1:infected_deepslate_diamond_ore":4,"minecraft:torch":5,"minecraft:blast_furnace":1,"minecraft:tall_grass":2,"minecraft:lapis_ore":3,"minecraft:deepslate_gold_ore":22,"minecraft:sugar_cane":7,"minecraft:diorite":24,"minecraft:wall_torch":6,"minecraft:grass":6,"minecraft:oak_log":7,"minecraft:coal_ore":19,"minecraft:gravel":8,"minecraft:dirt":18,"minecraft:cobweb":8,"minecraft:deepslate":81},"minecraft:killed_by":{"minecraft:player":1,"born_in_chaos_v1:nightmare_stalker":2,"minecraft:creeper":1,"born_in_chaos_v1:spirit_guide_assistant":1},"minecraft:custom":{"lootr:looted_stat":1,"minecraft:mob_kills":51,"minecraft:interact_with_crafting_table":24,"minecraft:damage_dealt_resisted":86,"minecraft:leave_game":9,"minecraft:time_since_death":6130,"minecraft:sprint_one_cm":222585,"minecraft:walk_one_cm":142705,"minecraft:drop":32,"minecraft:play_time":81019,"minecraft:deaths":6,"minecraft:sneak_time":5035,"minecraft:walk_under_water_one_cm":940,"minecraft:jump":1779,"minecraft:interact_with_blast_furnace":3,"minecraft:walk_on_water_one_cm":7669,"minecraft:total_world_time":81019,"minecraft:interact_with_furnace":51,"minecraft:interact_with_loom":1,"minecraft:time_since_rest":6001,"minecraft:damage_taken":3875,"minecraft:damage_dealt":7157,"minecraft:swim_one_cm":8902,"minecraft:fly_one_cm":403850,"minecraft:open_chest":12,"minecraft:crouch_one_cm":12155,"tombstone:undead_killed":9,"minecraft:fall_one_cm":60293}},"DataVersion":3465}