{"stats":{"minecraft:picked_up":{"minecraft:iron_chestplate":3,"minecraft:chainmail_boots":1,"minecraft:anvil":3,"minecraft:iron_trapdoor":1,"minecraft:flower_pot":4,"alexscaves:cave_tablet":2,"minecraft:potion":4,"minecraft:stone_brick_stairs":1,"born_in_chaos_v1:bloody_gadfly_eye":2,"minecraft:brewing_stand":2,"minecraft:amethyst_block":9,"minecraft:string":24,"minecraft:raw_copper":6,"minecraft:iron_leggings":3,"irons_spellbooks:arcane_essence":1,"minecraft:cobbled_deepslate":837,"minecraft:spruce_planks":2,"minecraft:calcite":2,"born_in_chaos_v1:stimulating_decoction":1,"minecraft:furnace":4,"minecraft:tipped_arrow":13,"minecraft:golden_helmet":3,"minecraft:spruce_pressure_plate":1,"minecraft:stick":4,"born_in_chaos_v1:shattered_skull":3,"minecraft:torch":29,"minecraft:spruce_stairs":1,"epicfight:skillbook":27,"minecraft:cherry_log":1,"tombstone:grave_dust":51,"minecraft:diorite":6,"minecraft:golden_chestplate":1,"tombstone:lollipop":9,"minecraft:quartz_block":2,"minecraft:stone_sword":2,"minecraft:mangrove_stairs":1,"minecraft:rotten_flesh":92,"minecraft:white_terracotta":3,"epicfight:stray_robe":2,"minecraft:iron_bars":8,"minecraft:snowball":15,"minecraft:cobblestone":142,"minecraft:birch_log":2,"minecraft:enchanting_table":11,"minecraft:leather_chestplate":1,"minecraft:cooked_beef":1,"born_in_chaos_v1:spiritual_dust":5,"minecraft:golden_leggings":3,"minecraft:potato":8,"minecraft:flint":1,"minecraft:tuff":38,"minecraft:lapis_lazuli":149,"irons_spellbooks:concentration_amulet":1,"minecraft:dirt":1141,"minecraft:lantern":3,"minecraft:name_tag":2,"born_in_chaos_v1:monster_skin":2,"minecraft:leather_boots":6,"minecraft:bone":141,"minecraft:bow":6,"minecraft:wheat_seeds":4,"minecraft:raw_gold":20,"minecraft:mossy_stone_bricks":8,"minecraft:diamond_helmet":2,"minecraft:oak_planks":36,"minecraft:mossy_stone_brick_stairs":1,"irons_spellbooks:frozen_bone":66,"minecraft:nether_brick_stairs":1,"minecraft:dead_bush":1,"minecraft:dark_oak_log":1,"minecraft:mossy_cobblestone":4,"minecraft:bundle":11,"born_in_chaos_v1:fire_dust":1,"minecraft:diamond":34,"minecraft:soul_lantern":1,"minecraft:crossbow":2,"minecraft:grass":33,"minecraft:golden_apple":1,"minecraft:emerald":49,"alexsmobs:maggot":2,"minecraft:netherrack":4,"minecraft:oak_leaves":7,"minecraft:spruce_leaves":63,"minecraft:cocoa_beans":1,"minecraft:crafting_table":11,"born_in_chaos_v1:diamond_termite_shard":9,"born_in_chaos_v1:seedof_chaos":5,"minecraft:leather_leggings":5,"minecraft:chain":5,"minecraft:shield":4,"epicfight:stray_pants":3,"minecraft:red_bed":3,"minecraft:iron_axe":1,"epicfight:stray_hat":2,"born_in_chaos_v1:intoxicating_decoction":6,"minecraft:item_frame":1,"farmersdelight:wild_potatoes":13,"minecraft:cracked_stone_bricks":4,"minecraft:cyan_wool":6,"minecraft:light_gray_wool":1,"minecraft:spruce_slab":9,"minecraft:sugar_cane":10,"relics:drowned_belt":1,"minecraft:raw_iron":46,"born_in_chaos_v1:pieceofdarkmetal":15,"minecraft:redstone":192,"minecraft:dark_oak_planks":3,"minecraft:arrow":135,"relics:spatial_sign":1,"minecraft:deepslate_bricks":9,"minecraft:hay_block":8,"minecraft:stripped_dark_oak_wood":2,"sophisticatedbackpacks:copper_backpack":2,"minecraft:mutton":3,"minecraft:white_wool":1,"born_in_chaos_v1:corpse_maggot":22,"born_in_chaos_v1:monster_flesh":2,"minecraft:glow_ink_sac":5,"minecraft:leather":1,"minecraft:fern":3,"minecraft:acacia_wood":2,"minecraft:filled_map":1,"minecraft:crimson_fungus":1,"minecraft:oak_log":2,"minecraft:golden_boots":4,"minecraft:gunpowder":8,"minecraft:paper":15,"minecraft:white_banner":2,"minecraft:apple":1,"minecraft:stone_bricks":9,"minecraft:iron_ingot":12,"tombstone:bag_of_seeds":3,"minecraft:glass_bottle":8,"minecraft:iron_sword":3,"sophisticatedbackpacks:diamond_backpack":5,"minecraft:book":15,"minecraft:oak_slab":1,"minecraft:sweet_berries":27,"minecraft:chiseled_stone_bricks":4,"born_in_chaos_v1:orbofthe_summoner":1,"born_in_chaos_v1:ethereal_spirit":4,"minecraft:gravel":5,"minecraft:amethyst_shard":12,"minecraft:spruce_sapling":13,"minecraft:white_bed":1,"minecraft:spruce_log":82,"minecraft:spider_eye":2,"minecraft:leather_helmet":1,"mowziesmobs:naga_fang":1,"minecraft:diamond_shovel":1,"minecraft:pumpkin_seeds":19,"minecraft:slime_ball":2,"minecraft:stone_axe":4,"wom:diamond_legtopseal":1,"minecraft:iron_helmet":2,"minecraft:painting":2,"tombstone:magic_scroll":11,"minecraft:dark_oak_wood":7,"minecraft:coal":16},"minecraft:crafted":{"minecraft:oak_planks":4,"minecraft:cooked_mutton":7,"minecraft:diamond_helmet":2,"minecraft:diamond_leggings":1,"minecraft:iron_boots":3,"minecraft:chest":1,"born_in_chaos_v1:pileof_dark_metal":2,"sophisticatedbackpacks:backpack":1,"minecraft:crafting_table":12,"minecraft:spruce_planks":308,"minecraft:iron_helmet":1,"minecraft:wooden_pickaxe":1,"minecraft:baked_potato":11,"minecraft:birch_planks":4,"minecraft:iron_chestplate":1,"minecraft:golden_leggings":1,"sophisticatedbackpacks:diamond_backpack":2,"minecraft:stick":36,"minecraft:iron_ingot":26,"minecraft:iron_pickaxe":1,"minecraft:iron_block":3,"minecraft:stone_sword":1,"minecraft:shears":1,"minecraft:wooden_sword":1,"minecraft:stone_shovel":1,"minecraft:furnace":4,"epicfight:diamond_spear":1,"minecraft:diamond":1,"minecraft:stone_pickaxe":1,"minecraft:diamond_boots":1,"minecraft:spruce_boat":1,"minecraft:dark_oak_planks":12,"minecraft:wheat":72,"sophisticatedbackpacks:iron_backpack":5,"minecraft:diamond_sword":1,"minecraft:enchanting_table":1,"sophisticatedbackpacks:gold_backpack":4,"minecraft:bucket":2,"minecraft:bread":24,"minecraft:air":0,"minecraft:wooden_axe":1,"minecraft:anvil":1,"minecraft:acacia_planks":8,"minecraft:torch":64,"minecraft:diamond_chestplate":1},"minecraft:used":{"tombstone:scroll_of_unstable_intangibility":1,"minecraft:spruce_slab":2,"sophisticatedbackpacks:copper_backpack":3,"born_in_chaos_v1:intoxicating_decoction":2,"minecraft:white_terracotta":3,"tombstone:lollipop":10,"minecraft:carrot":20,"minecraft:snowball":15,"minecraft:spruce_boat":1,"sophisticatedbackpacks:diamond_backpack":6,"born_in_chaos_v1:corpse_maggot":7,"born_in_chaos_v1:smoked_flesh":29,"minecraft:stripped_dark_oak_wood":1,"minecraft:mangrove_stairs":1,"minecraft:lantern":3,"minecraft:dark_oak_wood":6,"minecraft:stone_brick_stairs":1,"minecraft:item_frame":1,"minecraft:stone_bricks":4,"minecraft:bow":211,"minecraft:sweet_berries":45,"minecraft:furnace":4,"minecraft:potato":16,"minecraft:mossy_stone_bricks":8,"epicfight:skillbook":30,"minecraft:stone_pickaxe":131,"minecraft:oak_planks":17,"minecraft:ender_pearl":4,"minecraft:wooden_pickaxe":17,"minecraft:white_wool":4,"minecraft:golden_apple":8,"epicfight:diamond_spear":777,"alexscaves:cave_book":2,"minecraft:crossbow":1,"minecraft:shears":114,"minecraft:bread":75,"tombstone:grave_key":5,"minecraft:gravel":2,"minecraft:golden_helmet":1,"minecraft:soul_lantern":1,"minecraft:diamond_sword":140,"minecraft:fire_charge":1,"minecraft:grindstone":1,"minecraft:cooked_rabbit":3,"minecraft:birch_log":1,"minecraft:chain":1,"minecraft:cobweb":2,"minecraft:experience_bottle":2,"minecraft:iron_bars":2,"minecraft:enchanting_table":11,"minecraft:tropical_fish":1,"minecraft:spruce_planks":94,"minecraft:cooked_chicken":3,"minecraft:torch":131,"minecraft:dirt":333,"minecraft:brewing_stand":1,"minecraft:spyglass":128,"minecraft:anvil":4,"minecraft:spruce_stairs":1,"minecraft:dark_oak_planks":11,"minecraft:wooden_axe":24,"minecraft:iron_axe":64,"minecraft:beef":2,"minecraft:goat_horn":1,"tombstone:gift":11,"minecraft:cooked_beef":13,"minecraft:cobbled_deepslate":114,"minecraft:acacia_planks":9,"minecraft:cherry_log":1,"minecraft:calcite":2,"minecraft:cooked_mutton":5,"minecraft:water_bucket":19,"farmersdelight:skillet":1,"minecraft:birch_planks":4,"minecraft:bundle":1,"minecraft:baked_potato":19,"born_in_chaos_v1:stimulating_decoction":1,"minecraft:deepslate_bricks":9,"minecraft:cracked_stone_bricks":1,"minecraft:salmon":6,"minecraft:mossy_cobblestone":3,"minecraft:crafting_table":22,"minecraft:red_bed":2,"minecraft:cod":3,"minecraft:spruce_log":1,"tombstone:bag_of_seeds":2,"minecraft:flower_pot":1,"minecraft:diamond_shovel":1135,"minecraft:diamond_pickaxe":884,"minecraft:apple":45,"minecraft:spruce_pressure_plate":1,"minecraft:iron_pickaxe":499,"tombstone:magic_scroll":2,"minecraft:spruce_sapling":2,"minecraft:golden_leggings":1,"minecraft:stone_axe":21,"minecraft:chiseled_stone_bricks":3,"minecraft:cobblestone":70,"minecraft:potion":10,"minecraft:porkchop":5,"minecraft:white_banner":2,"minecraft:bucket":21,"minecraft:pumpkin_pie":3},"minecraft:killed":{"born_in_chaos_v1:zombie_clown":1,"minecraft:cave_spider":11,"cataclysm:the_prowler":1,"minecraft:witch":1,"born_in_chaos_v1:restless_spirit":1,"born_in_chaos_v1:zombie_lumberjack":3,"minecraft:spider":11,"born_in_chaos_v1:baby_skeleton_minion":3,"minecraft:skeleton":78,"born_in_chaos_v1:skeleton_thrasher":1,"born_in_chaos_v1:supreme_bonescaller_stage_2":1,"irons_spellbooks:summoned_skeleton":1,"born_in_chaos_v1:bonescaller":1,"born_in_chaos_v1:diamond_termite":10,"irons_spellbooks:necromancer":1,"minecraft:creeper":5,"minecraft:sheep":2,"minecraft:pillager":13,"minecraft:zombie":77,"born_in_chaos_v1:dread_hound":2,"born_in_chaos_v1:corpse_fly":5,"minecraft:stray":18,"alexsmobs:fly":1,"mowziesmobs:naga":1,"mca:female_zombie_villager":1,"born_in_chaos_v1:zombie_clown_not_despawn":1,"alexsmobs:tasmanian_devil":4,"born_in_chaos_v1:skeleton_thrasher_not_despawn":1,"born_in_chaos_v1:zombie_bruiser":1,"born_in_chaos_v1:maggot":23,"minecraft:drowned":1,"born_in_chaos_v1:spiritof_chaos":1,"minecraft:husk":2,"graveyard:ghoul":1,"born_in_chaos_v1:bone_imp_minion":7,"born_in_chaos_v1:baby_skeleton":4,"cataclysm:the_watcher":3,"born_in_chaos_v1:swarmer":1,"minecraft:bat":2,"born_in_chaos_v1:decrepit_skeleton":3,"born_in_chaos_v1:bloody_gadfly":2,"born_in_chaos_v1:bonescaller_not_despawn":2,"minecraft:wither_skeleton":2},"minecraft:mined":{"minecraft:dark_oak_planks":3,"minecraft:spruce_planks":6,"minecraft:sculk_vein":2,"minecraft:potted_crimson_fungus":1,"minecraft:brewing_stand":2,"minecraft:potted_dead_bush":1,"cataclysm:stone_pillar":1,"minecraft:granite":2,"minecraft:budding_amethyst":2,"minecraft:grass_block":416,"minecraft:deepslate_bricks":16,"minecraft:chiseled_stone_bricks":4,"minecraft:spawner":19,"minecraft:sculk_catalyst":12,"minecraft:iron_ore":11,"minecraft:cobbled_deepslate":11,"minecraft:fire":1,"minecraft:anvil":3,"minecraft:deepslate_lapis_ore":12,"minecraft:stripped_dark_oak_wood":1,"minecraft:enchanting_table":11,"minecraft:sculk_shrieker":1,"minecraft:iron_bars":12,"minecraft:spruce_pressure_plate":1,"sophisticatedbackpacks:copper_backpack":1,"farmersdelight:wild_potatoes":9,"minecraft:deepslate_redstone_ore":41,"minecraft:quartz_block":1,"minecraft:red_bed":2,"minecraft:amethyst_cluster":1,"minecraft:soul_lantern":1,"born_in_chaos_v1:infected_deepslate_diamond_ore":6,"minecraft:torch":7,"minecraft:dark_oak_wood":7,"minecraft:calcite":2,"minecraft:cobblestone":17,"minecraft:oak_planks":18,"minecraft:sugar_cane":5,"minecraft:wall_torch":5,"minecraft:amethyst_block":10,"minecraft:white_terracotta":4,"minecraft:chain":1,"sophisticatedbackpacks:diamond_backpack":5,"minecraft:stone_brick_stairs":1,"minecraft:grass":61,"minecraft:dirt":722,"minecraft:oak_leaves":17,"minecraft:deepslate":928,"minecraft:tuff":55,"minecraft:mossy_cobblestone":9,"minecraft:deepslate_diamond_ore":27,"minecraft:dark_oak_log":2,"born_in_chaos_v1:infected_diamond_ore":1,"minecraft:dark_oak_fence":1,"minecraft:redstone_wire":1,"minecraft:spruce_leaves":109,"minecraft:large_fern":8,"minecraft:hay_block":8,"minecraft:redstone_ore":1,"minecraft:furnace":5,"minecraft:acacia_wood":2,"minecraft:mossy_stone_brick_stairs":1,"minecraft:bookshelf":2,"minecraft:deepslate_iron_ore":29,"minecraft:vine":4,"minecraft:lantern":3,"minecraft:stone":138,"minecraft:crafting_table":11,"minecraft:sculk_sensor":27,"minecraft:copper_ore":2,"minecraft:tall_grass":9,"minecraft:deepslate_gold_ore":17,"minecraft:lapis_ore":5,"minecraft:sculk":14,"minecraft:diorite":6,"minecraft:spruce_stairs":1,"minecraft:sweet_berry_bush":17,"minecraft:spruce_log":82,"minecraft:coal_ore":7,"minecraft:flower_pot":1,"minecraft:gravel":6,"minecraft:cobweb":1,"minecraft:cracked_stone_bricks":4,"minecraft:acacia_planks":1,"minecraft:polished_blackstone":1,"minecraft:stone_bricks":10,"minecraft:mossy_stone_bricks":9,"minecraft:iron_trapdoor":1,"minecraft:fern":7},"minecraft:killed_by":{"cataclysm:the_watcher":1,"minecraft:creeper":1,"graveyard:skeleton_creeper":2,"minecraft:zombie":2,"minecraft:husk":11,"minecraft:player":1,"minecraft:stray":3,"minecraft:spider":1,"minecraft:warden":1,"minecraft:skeleton":13,"born_in_chaos_v1:missioner":1},"minecraft:broken":{"minecraft:golden_helmet":2,"minecraft:diamond_helmet":2,"minecraft:leather_leggings":1,"minecraft:iron_boots":1,"minecraft:iron_chestplate":1,"minecraft:golden_leggings":1,"minecraft:stone_pickaxe":1,"minecraft:bow":1,"minecraft:leather_boots":1,"minecraft:iron_pickaxe":2,"minecraft:iron_helmet":1},"minecraft:custom":{"lootr:looted_stat":104,"minecraft:interact_with_crafting_table":59,"minecraft:open_barrel":32,"minecraft:bell_ring":10,"minecraft:leave_game":5,"minecraft:time_since_death":57217,"minecraft:damage_resisted":399,"minecraft:sprint_one_cm":1506753,"tombstone:eaten_lollipop":10,"minecraft:drop":212,"minecraft:play_time":460851,"minecraft:deaths":39,"minecraft:jump":6477,"minecraft:interact_with_brewingstand":4,"minecraft:walk_on_water_one_cm":29245,"minecraft:enchant_item":10,"minecraft:interact_with_furnace":23,"minecraft:sleep_in_bed":8,"minecraft:damage_dealt":52970,"minecraft:player_kills":4,"minecraft:crouch_one_cm":68751,"tombstone:undead_killed":212,"minecraft:interact_with_smoker":1,"minecraft:interact_with_anvil":7,"minecraft:mob_kills":319,"minecraft:damage_dealt_resisted":5677,"minecraft:climb_one_cm":8250,"minecraft:walk_one_cm":943897,"minecraft:damage_dealt_absorbed":80,"minecraft:sneak_time":22214,"minecraft:walk_under_water_one_cm":24668,"minecraft:boat_one_cm":65880,"minecraft:interact_with_blast_furnace":1,"minecraft:total_world_time":460851,"minecraft:raid_trigger":1,"minecraft:interact_with_grindstone":1,"minecraft:time_since_rest":56946,"minecraft:damage_taken":22069,"minecraft:damage_absorbed":7212,"tombstone:cast_on_ally":2,"minecraft:swim_one_cm":26888,"minecraft:fly_one_cm":1353158,"minecraft:open_chest":8,"minecraft:fall_one_cm":177856},"minecraft:dropped":{"sophisticatedbackpacks:iron_backpack":1,"minecraft:iron_sword":1,"minecraft:brown_mushroom":1,"irons_spellbooks:concentration_amulet":1,"minecraft:cooked_beef":1,"minecraft:glow_ink_sac":2,"minecraft:glass_bottle":11,"minecraft:crossbow":2,"minecraft:cracked_stone_bricks":2,"epicfight:stray_hat":1,"minecraft:leather_helmet":1,"minecraft:emerald":48,"sophisticatedbackpacks:gold_backpack":2,"minecraft:dirt":194,"minecraft:cornflower":1,"farmersdelight:wild_potatoes":4,"minecraft:chain":3,"minecraft:wooden_sword":1,"epicfight:stray_robe":2,"minecraft:white_wool":5,"minecraft:gold_ingot":20,"minecraft:bone":7,"minecraft:gravel":3,"minecraft:stone_axe":3,"minecraft:sugar_cane":1,"minecraft:golden_chestplate":1,"minecraft:cobbled_deepslate":435,"relics:drowned_belt":1,"born_in_chaos_v1:ethereal_spirit":1,"minecraft:rotten_flesh":59,"minecraft:oak_planks":1,"minecraft:diamond_shovel":1,"minecraft:white_bed":1,"minecraft:chainmail_chestplate":1,"minecraft:leather_chestplate":1,"born_in_chaos_v1:corpse_maggot":1,"minecraft:leather_boots":5,"minecraft:chainmail_boots":1,"minecraft:leather_leggings":4,"minecraft:spruce_slab":7,"rechiseled:chisel":1,"minecraft:iron_bars":2,"relics:spatial_sign":1,"minecraft:bread":3,"minecraft:iron_ingot":15,"minecraft:golden_boots":4,"minecraft:oak_slab":1,"minecraft:wheat_seeds":1,"minecraft:golden_helmet":2,"minecraft:iron_helmet":3,"minecraft:cobblestone":60,"minecraft:apple":1,"mca:book_romance":1,"minecraft:diorite":6,"minecraft:iron_trapdoor":1,"tombstone:magic_scroll":2,"minecraft:diamond_helmet":1,"minecraft:potion":2,"minecraft:dead_bush":1,"minecraft:iron_leggings":7,"minecraft:paper":1,"epicfight:stray_pants":3,"minecraft:raw_copper":6,"minecraft:stone_sword":2,"minecraft:cocoa_beans":1,"minecraft:tuff":28,"minecraft:stone_shovel":1,"minecraft:light_gray_wool":1,"minecraft:iron_boots":3,"wom:diamond_legtopseal":1,"minecraft:filled_map":1,"minecraft:cyan_wool":6,"minecraft:shield":2,"minecraft:flower_pot":1,"minecraft:bundle":6,"minecraft:iron_chestplate":4,"minecraft:diamond_pickaxe":1,"minecraft:golden_leggings":4,"minecraft:spider_eye":2,"minecraft:bow":2,"minecraft:wooden_pickaxe":1,"epicfight:skillbook":10}},"DataVersion":3465}