{"stats":{"minecraft:crafted":{"minecraft:wooden_sword":1,"minecraft:oak_planks":28,"minecraft:furnace":3,"minecraft:cooked_mutton":3,"minecraft:iron_boots":1,"minecraft:stone_pickaxe":1,"minecraft:chest":2,"sophisticatedbackpacks:iron_backpack":1,"minecraft:cooked_beef":7,"sophisticatedbackpacks:backpack":1,"minecraft:cooked_porkchop":11,"minecraft:crafting_table":5,"minecraft:wooden_pickaxe":1,"minecraft:iron_helmet":1,"minecraft:iron_sword":1,"sophisticatedbackpacks:gold_backpack":1,"minecraft:bucket":1,"minecraft:air":0,"minecraft:iron_chestplate":1,"sophisticatedbackpacks:diamond_backpack":1,"minecraft:stick":28,"minecraft:iron_ingot":44,"minecraft:iron_pickaxe":1,"minecraft:wooden_axe":1,"minecraft:stone_sword":1,"minecraft:iron_leggings":1,"minecraft:gold_ingot":13,"minecraft:acacia_planks":32,"minecraft:torch":20},"minecraft:killed":{"minecraft:cave_spider":1,"alexsmobs:raccoon":1,"minecraft:spider":11,"born_in_chaos_v1:zombie_bruiser":1,"born_in_chaos_v1:maggot":1,"minecraft:skeleton":5,"minecraft:chicken":2,"born_in_chaos_v1:corpse_fish":1,"born_in_chaos_v1:firelight_not_despawn":1,"born_in_chaos_v1:fallen_chaos_knight":1,"born_in_chaos_v1:spirit_guide":1,"minecraft:pig":6,"born_in_chaos_v1:diamond_termite":8,"mowziesmobs:umvuthana_follower_raptor":2,"minecraft:creeper":2,"minecraft:sheep":2,"minecraft:zombie":10,"born_in_chaos_v1:dread_hound":1,"born_in_chaos_v1:corpse_fly":11,"minecraft:stray":9,"born_in_chaos_v1:nightmare_stalker":1,"minecraft:cow":4},"minecraft:used":{"minecraft:stone_sword":77,"minecraft:chest":1,"minecraft:iron_sword":141,"tombstone:lollipop":4,"minecraft:rotten_flesh":3,"minecraft:torch":42,"mowziesmobs:umvuthana_mask_bliss":1,"minecraft:dirt":25,"minecraft:carrot":17,"minecraft:tuff":2,"minecraft:granite":9,"born_in_chaos_v1:corpse_maggot":7,"minecraft:wooden_axe":7,"born_in_chaos_v1:smoked_flesh":3,"minecraft:iron_helmet":1,"minecraft:bow":19,"minecraft:furnace":7,"tombstone:gift":5,"minecraft:egg":1,"minecraft:cooked_beef":12,"minecraft:cobbled_deepslate":17,"minecraft:brown_bed":1,"sophisticatedbackpacks:gold_backpack":1,"minecraft:cooked_mutton":3,"epicfight:skillbook":4,"minecraft:water_bucket":5,"minecraft:diorite":16,"minecraft:stone_pickaxe":231,"minecraft:wooden_pickaxe":8,"minecraft:glow_berries":3,"minecraft:crafting_table":10,"minecraft:blast_furnace":1,"tombstone:bag_of_seeds":1,"minecraft:chicken":2,"minecraft:bread":3,"minecraft:iron_pickaxe":102,"tombstone:grave_key":1,"born_in_chaos_v1:marigolds":5,"minecraft:wooden_sword":32,"minecraft:cobblestone":29,"mowziesmobs:umvuthana_mask_fury":2,"minecraft:porkchop":1,"minecraft:cooked_porkchop":14,"minecraft:andesite":3,"minecraft:bucket":6},"minecraft:dropped":{"minecraft:wheat_seeds":5,"minecraft:cobblestone":49,"minecraft:leather":3,"born_in_chaos_v1:pieceofdarkmetal":3,"epicfight:stray_hat":1,"farmersdelight:rice":3,"minecraft:flint":1,"mca:book_romance":1,"minecraft:wooden_axe":1,"minecraft:wooden_sword":2,"minecraft:gravel":7,"minecraft:stone_sword":2,"alexsmobs:animal_dictionary":1,"born_in_chaos_v1:rotten_fish":1,"farmersdelight:cabbage_seeds":5,"minecraft:rotten_flesh":8,"sophisticatedbackpacks:diamond_backpack":1,"minecraft:pumpkin_seeds":3,"minecraft:andesite":5,"minecraft:spider_eye":2,"minecraft:wooden_pickaxe":2,"minecraft:stone_pickaxe":2,"mowziesmobs:umvuthana_mask_fury":1},"minecraft:picked_up":{"sophisticatedbackpacks:gold_backpack":1,"born_in_chaos_v1:diamond_termite_shard":8,"minecraft:crafting_table":6,"minecraft:chicken":4,"born_in_chaos_v1:seedof_chaos":2,"minecraft:wooden_pickaxe":1,"minecraft:brown_bed":1,"minecraft:string":18,"minecraft:wooden_sword":1,"epicfight:stray_hat":1,"minecraft:cobbled_deepslate":69,"minecraft:beef":7,"minecraft:sugar_cane":13,"farmersdelight:cabbage_seeds":5,"minecraft:egg":1,"minecraft:furnace":8,"minecraft:tipped_arrow":4,"minecraft:raw_iron":49,"born_in_chaos_v1:shattered_skull":1,"minecraft:torch":22,"minecraft:acacia_log":8,"epicfight:skillbook":4,"minecraft:porkchop":12,"born_in_chaos_v1:nightmare_claw":1,"tombstone:grave_dust":7,"minecraft:diorite":24,"born_in_chaos_v1:pieceofdarkmetal":5,"minecraft:carrot":9,"tombstone:lollipop":4,"minecraft:rotten_flesh":23,"minecraft:stone_sword":1,"minecraft:arrow":24,"minecraft:iron_block":1,"mowziesmobs:umvuthana_mask_bliss":2,"minecraft:mutton":3,"minecraft:cobblestone":99,"minecraft:white_wool":2,"minecraft:stripped_oak_log":1,"mowziesmobs:umvuthana_mask_fury":2,"born_in_chaos_v1:corpse_maggot":9,"minecraft:feather":4,"minecraft:cooked_beef":5,"born_in_chaos_v1:monster_flesh":1,"minecraft:andesite":13,"minecraft:leather":8,"minecraft:flint":2,"minecraft:tuff":2,"minecraft:oak_log":6,"born_in_chaos_v1:black_argillite_button":3,"minecraft:gunpowder":5,"minecraft:dirt":25,"minecraft:lapis_lazuli":98,"born_in_chaos_v1:marigolds":5,"minecraft:bone":13,"minecraft:bow":1,"minecraft:wheat_seeds":8,"minecraft:raw_gold":22,"minecraft:iron_ingot":2,"born_in_chaos_v1:smoked_flesh":3,"minecraft:stone_pickaxe":2,"tombstone:bag_of_seeds":1,"minecraft:oak_planks":5,"sophisticatedbackpacks:diamond_backpack":1,"minecraft:book":6,"irons_spellbooks:frozen_bone":38,"minecraft:cooked_porkchop":2,"minecraft:gravel":7,"minecraft:blast_furnace":1,"alexsmobs:animal_dictionary":1,"minecraft:spider_eye":7,"born_in_chaos_v1:fire_dust":1,"minecraft:diamond":13,"minecraft:granite":16,"minecraft:bread":3,"tombstone:magic_scroll":2,"born_in_chaos_v1:rotten_fish":2,"minecraft:coal":34,"minecraft:crimson_roots":1},"minecraft:broken":{"minecraft:stone_pickaxe":1},"minecraft:mined":{"minecraft:tuff":4,"minecraft:deepslate_diamond_ore":5,"sophisticatedbackpacks:gold_backpack":1,"farmersdelight:wild_carrots":10,"minecraft:granite":16,"minecraft:acacia_log":8,"minecraft:grass_block":6,"minecraft:furnace":8,"minecraft:iron_ore":20,"minecraft:cobbled_deepslate":4,"minecraft:andesite":8,"minecraft:deepslate_lapis_ore":12,"minecraft:brown_bed":1,"minecraft:bookshelf":2,"minecraft:deepslate_iron_ore":27,"minecraft:stripped_oak_log":1,"minecraft:stone":69,"minecraft:crafting_table":4,"born_in_chaos_v1:infected_deepslate_diamond_ore":4,"minecraft:torch":5,"minecraft:blast_furnace":1,"minecraft:tall_grass":2,"minecraft:lapis_ore":3,"minecraft:deepslate_gold_ore":22,"minecraft:sugar_cane":7,"minecraft:diorite":24,"minecraft:wall_torch":6,"minecraft:grass":7,"minecraft:oak_log":7,"minecraft:coal_ore":19,"minecraft:gravel":8,"minecraft:dirt":18,"minecraft:cobweb":8,"minecraft:deepslate":81},"minecraft:killed_by":{"minecraft:player":1,"born_in_chaos_v1:nightmare_stalker":2,"minecraft:stray":2,"minecraft:creeper":1,"born_in_chaos_v1:spirit_guide_assistant":1,"minecraft:vex":1},"minecraft:custom":{"lootr:looted_stat":3,"minecraft:mob_kills":84,"minecraft:interact_with_crafting_table":26,"minecraft:open_barrel":5,"minecraft:damage_dealt_resisted":86,"minecraft:leave_game":9,"minecraft:time_since_death":25363,"minecraft:climb_one_cm":6,"minecraft:sprint_one_cm":301369,"minecraft:walk_one_cm":199426,"minecraft:drop":37,"tombstone:eaten_lollipop":4,"minecraft:play_time":117019,"minecraft:deaths":9,"minecraft:sneak_time":5357,"minecraft:walk_under_water_one_cm":2148,"minecraft:jump":2150,"minecraft:interact_with_blast_furnace":4,"minecraft:walk_on_water_one_cm":8910,"minecraft:total_world_time":117019,"minecraft:interact_with_furnace":54,"tombstone:raider_killed":4,"minecraft:interact_with_loom":1,"minecraft:time_since_rest":24481,"minecraft:damage_taken":5737,"minecraft:damage_absorbed":10,"minecraft:damage_dealt":12199,"minecraft:swim_one_cm":8902,"minecraft:fly_one_cm":540224,"minecraft:open_chest":17,"minecraft:crouch_one_cm":13354,"tombstone:undead_killed":27,"minecraft:fall_one_cm":63186}},"DataVersion":3465}