{"stats":{"minecraft:crafted":{"minecraft:cooked_beef":7,"minecraft:wooden_sword":1,"minecraft:oak_planks":24,"minecraft:cooked_porkchop":3,"minecraft:crafting_table":3,"minecraft:iron_helmet":1,"minecraft:wooden_pickaxe":1,"minecraft:furnace":3,"minecraft:bucket":1,"minecraft:air":0,"minecraft:iron_boots":1,"minecraft:iron_chestplate":1,"minecraft:stick":28,"minecraft:iron_ingot":30,"minecraft:iron_pickaxe":1,"minecraft:stone_pickaxe":1,"minecraft:wooden_axe":1,"minecraft:stone_sword":1,"minecraft:iron_leggings":1,"minecraft:acacia_planks":20,"minecraft:torch":20},"minecraft:killed":{"minecraft:pig":6,"alexsmobs:raccoon":1,"minecraft:spider":2,"minecraft:creeper":1,"minecraft:sheep":2,"minecraft:skeleton":2,"minecraft:zombie":1,"minecraft:chicken":2,"born_in_chaos_v1:corpse_fish":1,"minecraft:cow":4},"minecraft:used":{"minecraft:stone_sword":53,"minecraft:stone_pickaxe":118,"minecraft:wooden_pickaxe":8,"minecraft:torch":17,"minecraft:dirt":2,"minecraft:crafting_table":6,"minecraft:carrot":17,"tombstone:bag_of_seeds":1,"minecraft:wooden_axe":7,"born_in_chaos_v1:smoked_flesh":3,"minecraft:iron_pickaxe":24,"minecraft:wooden_sword":32,"minecraft:cobblestone":12,"minecraft:furnace":6,"minecraft:cooked_porkchop":5,"minecraft:bucket":1,"minecraft:andesite":3,"minecraft:egg":1,"minecraft:cooked_beef":2},"minecraft:dropped":{"minecraft:wheat_seeds":3,"farmersdelight:cabbage_seeds":5,"minecraft:rotten_flesh":2,"minecraft:pumpkin_seeds":3,"farmersdelight:rice":3,"mca:book_romance":1,"minecraft:wooden_axe":1,"minecraft:spider_eye":2,"minecraft:wooden_sword":2,"minecraft:wooden_pickaxe":2},"minecraft:picked_up":{"minecraft:crafting_table":5,"minecraft:feather":2,"minecraft:chicken":2,"minecraft:andesite":3,"minecraft:leather":4,"minecraft:wooden_pickaxe":1,"minecraft:oak_log":6,"minecraft:gunpowder":1,"minecraft:lapis_lazuli":74,"minecraft:dirt":2,"minecraft:string":4,"minecraft:wooden_sword":1,"minecraft:bone":3,"minecraft:wheat_seeds":2,"minecraft:cobbled_deepslate":21,"minecraft:raw_gold":9,"minecraft:beef":7,"born_in_chaos_v1:smoked_flesh":3,"tombstone:bag_of_seeds":1,"minecraft:sugar_cane":13,"farmersdelight:cabbage_seeds":5,"minecraft:egg":1,"minecraft:furnace":6,"minecraft:raw_iron":45,"minecraft:cooked_porkchop":2,"minecraft:torch":18,"minecraft:acacia_log":5,"minecraft:porkchop":12,"tombstone:grave_dust":1,"minecraft:carrot":9,"minecraft:spider_eye":2,"minecraft:arrow":3,"minecraft:rotten_flesh":2,"born_in_chaos_v1:rotten_fish":1,"minecraft:mutton":3,"minecraft:coal":31,"minecraft:white_wool":2,"minecraft:cobblestone":35},"minecraft:mined":{"farmersdelight:wild_carrots":10,"minecraft:crafting_table":4,"minecraft:torch":2,"minecraft:acacia_log":5,"minecraft:grass_block":1,"minecraft:tall_grass":1,"minecraft:deepslate_gold_ore":9,"minecraft:lapis_ore":3,"minecraft:sugar_cane":7,"minecraft:wall_torch":4,"minecraft:furnace":6,"minecraft:iron_ore":18,"minecraft:andesite":3,"minecraft:deepslate_lapis_ore":8,"minecraft:grass":6,"minecraft:deepslate_iron_ore":26,"minecraft:oak_log":7,"minecraft:coal_ore":15,"minecraft:stone":31,"minecraft:deepslate":31},"minecraft:killed_by":{"minecraft:player":1,"born_in_chaos_v1:spirit_guide_assistant":1},"minecraft:custom":{"minecraft:interact_with_furnace":36,"minecraft:mob_kills":24,"minecraft:interact_with_crafting_table":14,"minecraft:damage_dealt_resisted":86,"minecraft:leave_game":8,"minecraft:time_since_death":28690,"minecraft:time_since_rest":28155,"minecraft:sprint_one_cm":130483,"minecraft:damage_taken":1345,"minecraft:walk_one_cm":76330,"minecraft:drop":12,"minecraft:damage_dealt":3165,"minecraft:swim_one_cm":5220,"minecraft:fly_one_cm":204430,"minecraft:crouch_one_cm":7778,"minecraft:play_time":41034,"tombstone:undead_killed":3,"minecraft:deaths":2,"minecraft:sneak_time":3086,"minecraft:walk_under_water_one_cm":332,"minecraft:jump":905,"minecraft:walk_on_water_one_cm":5050,"minecraft:total_world_time":41034,"minecraft:fall_one_cm":29035}},"DataVersion":3465}