{"stats":{"minecraft:killed_by":{"minecraft:husk":11,"minecraft:stray":1,"graveyard:skeleton_creeper":2,"minecraft:skeleton":4},"minecraft:dropped":{"sophisticatedbackpacks:iron_backpack":1,"minecraft:iron_ingot":15,"minecraft:iron_sword":1,"minecraft:wheat_seeds":1,"irons_spellbooks:concentration_amulet":1,"minecraft:iron_helmet":1,"minecraft:cobblestone":6,"minecraft:apple":1,"sophisticatedbackpacks:gold_backpack":2,"minecraft:emerald":48,"minecraft:dirt":2,"mca:book_romance":1,"minecraft:cornflower":1,"minecraft:potion":2,"minecraft:iron_leggings":1,"minecraft:chain":1,"minecraft:paper":1,"minecraft:white_wool":4,"minecraft:stone_sword":2,"relics:drowned_belt":1,"born_in_chaos_v1:ethereal_spirit":1,"minecraft:oak_planks":1,"minecraft:iron_boots":3,"wom:diamond_legtopseal":1,"minecraft:white_bed":1,"minecraft:chainmail_chestplate":1,"minecraft:filled_map":1,"minecraft:cyan_wool":6,"minecraft:bundle":4,"minecraft:iron_chestplate":3,"minecraft:golden_leggings":2,"minecraft:spruce_slab":7,"minecraft:iron_bars":2,"relics:spatial_sign":1,"epicfight:skillbook":1},"minecraft:crafted":{"minecraft:wooden_sword":1,"minecraft:stone_shovel":1,"epicfight:diamond_spear":1,"minecraft:diamond_helmet":1,"minecraft:iron_boots":2,"minecraft:chest":1,"minecraft:stone_pickaxe":1,"minecraft:dark_oak_planks":12,"sophisticatedbackpacks:iron_backpack":4,"sophisticatedbackpacks:backpack":1,"minecraft:diamond_sword":1,"minecraft:crafting_table":6,"minecraft:spruce_planks":120,"minecraft:enchanting_table":1,"minecraft:wooden_pickaxe":1,"sophisticatedbackpacks:gold_backpack":3,"minecraft:birch_planks":4,"minecraft:iron_chestplate":1,"minecraft:golden_leggings":1,"sophisticatedbackpacks:diamond_backpack":1,"minecraft:stick":16,"minecraft:wooden_axe":1,"minecraft:stone_sword":1,"minecraft:acacia_planks":8},"minecraft:broken":{"minecraft:iron_helmet":1},"minecraft:killed":{"born_in_chaos_v1:zombie_lumberjack":1,"minecraft:spider":1,"born_in_chaos_v1:zombie_bruiser":1,"born_in_chaos_v1:maggot":1,"minecraft:skeleton":7,"born_in_chaos_v1:skeleton_thrasher":1,"born_in_chaos_v1:spiritof_chaos":1,"minecraft:husk":2,"born_in_chaos_v1:diamond_termite":6,"born_in_chaos_v1:baby_skeleton":1,"minecraft:creeper":1,"born_in_chaos_v1:decrepit_skeleton":2,"minecraft:pillager":8,"minecraft:zombie":7,"mowziesmobs:naga":1},"minecraft:mined":{"minecraft:dark_oak_planks":3,"minecraft:deepslate_diamond_ore":5,"minecraft:dark_oak_log":2,"minecraft:brewing_stand":2,"minecraft:dark_oak_fence":1,"minecraft:grass_block":1,"minecraft:spruce_leaves":4,"minecraft:spawner":1,"minecraft:large_fern":7,"minecraft:furnace":1,"minecraft:cobbled_deepslate":1,"minecraft:acacia_wood":2,"minecraft:stripped_dark_oak_wood":1,"minecraft:enchanting_table":4,"minecraft:lantern":3,"minecraft:stone":15,"minecraft:deepslate_redstone_ore":1,"minecraft:red_bed":2,"minecraft:soul_lantern":1,"minecraft:crafting_table":2,"born_in_chaos_v1:infected_deepslate_diamond_ore":5,"minecraft:torch":2,"minecraft:dark_oak_wood":7,"minecraft:calcite":2,"minecraft:oak_planks":4,"minecraft:spruce_stairs":1,"sophisticatedbackpacks:diamond_backpack":2,"minecraft:sweet_berry_bush":10,"minecraft:spruce_log":28,"minecraft:grass":1,"minecraft:dirt":1,"minecraft:cobweb":1,"minecraft:acacia_planks":1,"minecraft:iron_trapdoor":1,"minecraft:deepslate":44,"minecraft:fern":2},"minecraft:used":{"tombstone:scroll_of_unstable_intangibility":1,"minecraft:enchanting_table":4,"minecraft:tropical_fish":1,"minecraft:spruce_slab":2,"minecraft:spruce_planks":68,"tombstone:lollipop":1,"minecraft:torch":24,"minecraft:brewing_stand":1,"minecraft:dirt":2,"minecraft:spyglass":116,"minecraft:spruce_stairs":1,"minecraft:carrot":7,"minecraft:snowball":15,"sophisticatedbackpacks:diamond_backpack":2,"born_in_chaos_v1:corpse_maggot":2,"minecraft:dark_oak_planks":11,"minecraft:wooden_axe":24,"minecraft:stripped_dark_oak_wood":1,"minecraft:lantern":3,"minecraft:dark_oak_wood":6,"minecraft:item_frame":1,"minecraft:bow":65,"minecraft:goat_horn":1,"tombstone:gift":6,"minecraft:potato":14,"minecraft:cobbled_deepslate":18,"minecraft:acacia_planks":9,"minecraft:calcite":2,"epicfight:skillbook":5,"farmersdelight:skillet":1,"minecraft:birch_planks":4,"minecraft:bundle":1,"minecraft:baked_potato":3,"minecraft:oak_planks":17,"minecraft:ender_pearl":2,"minecraft:wooden_pickaxe":17,"minecraft:golden_apple":1,"minecraft:white_wool":4,"minecraft:salmon":6,"epicfight:diamond_spear":8,"minecraft:crafting_table":8,"minecraft:red_bed":2,"minecraft:crossbow":1,"minecraft:cod":3,"minecraft:spruce_log":1,"minecraft:apple":29,"minecraft:bread":30,"minecraft:iron_pickaxe":73,"tombstone:grave_key":4,"minecraft:spruce_sapling":2,"minecraft:golden_leggings":1,"minecraft:soul_lantern":1,"minecraft:diamond_sword":140,"minecraft:cobblestone":4,"minecraft:white_banner":2,"minecraft:birch_log":1,"minecraft:experience_bottle":2},"minecraft:custom":{"lootr:looted_stat":44,"minecraft:mob_kills":41,"minecraft:interact_with_crafting_table":26,"minecraft:open_barrel":15,"minecraft:damage_dealt_resisted":336,"minecraft:leave_game":1,"minecraft:time_since_death":3028,"minecraft:climb_one_cm":2403,"minecraft:damage_resisted":167,"minecraft:sprint_one_cm":472907,"minecraft:walk_one_cm":312896,"minecraft:drop":63,"tombstone:eaten_lollipop":1,"minecraft:play_time":144097,"minecraft:deaths":18,"minecraft:sneak_time":4320,"minecraft:walk_under_water_one_cm":10647,"minecraft:jump":2495,"minecraft:interact_with_brewingstand":1,"minecraft:interact_with_blast_furnace":1,"minecraft:walk_on_water_one_cm":14391,"minecraft:total_world_time":144097,"minecraft:raid_trigger":1,"minecraft:sleep_in_bed":6,"minecraft:time_since_rest":2780,"minecraft:damage_taken":6848,"minecraft:damage_absorbed":40,"minecraft:damage_dealt":8505,"tombstone:cast_on_ally":2,"minecraft:swim_one_cm":19082,"minecraft:fly_one_cm":557400,"minecraft:player_kills":1,"minecraft:crouch_one_cm":14514,"tombstone:undead_killed":22,"minecraft:interact_with_smoker":1,"minecraft:fall_one_cm":56748},"minecraft:picked_up":{"minecraft:iron_chestplate":1,"born_in_chaos_v1:diamond_termite_shard":5,"minecraft:crafting_table":2,"minecraft:iron_trapdoor":1,"minecraft:potion":2,"minecraft:chain":1,"minecraft:brewing_stand":2,"minecraft:string":3,"minecraft:red_bed":3,"minecraft:item_frame":1,"minecraft:cobbled_deepslate":30,"minecraft:calcite":2,"minecraft:cyan_wool":6,"minecraft:spruce_slab":9,"minecraft:furnace":1,"relics:drowned_belt":1,"minecraft:stick":2,"born_in_chaos_v1:shattered_skull":2,"minecraft:torch":1,"minecraft:spruce_stairs":1,"epicfight:skillbook":5,"tombstone:grave_dust":12,"born_in_chaos_v1:pieceofdarkmetal":6,"tombstone:lollipop":1,"minecraft:dark_oak_planks":3,"minecraft:stone_sword":1,"minecraft:arrow":31,"minecraft:rotten_flesh":28,"relics:spatial_sign":1,"minecraft:stripped_dark_oak_wood":2,"minecraft:snowball":15,"minecraft:cobblestone":16,"minecraft:birch_log":2,"minecraft:enchanting_table":4,"born_in_chaos_v1:corpse_maggot":2,"minecraft:leather":1,"minecraft:golden_leggings":1,"minecraft:acacia_wood":2,"minecraft:filled_map":1,"minecraft:gunpowder":2,"minecraft:dirt":4,"irons_spellbooks:concentration_amulet":1,"minecraft:paper":1,"minecraft:lantern":3,"minecraft:white_banner":2,"minecraft:name_tag":2,"minecraft:bone":12,"minecraft:apple":1,"minecraft:bow":1,"minecraft:wheat_seeds":1,"minecraft:iron_ingot":1,"minecraft:glass_bottle":1,"minecraft:iron_sword":2,"minecraft:oak_planks":22,"sophisticatedbackpacks:diamond_backpack":2,"minecraft:book":9,"minecraft:oak_slab":1,"minecraft:sweet_berries":22,"born_in_chaos_v1:ethereal_spirit":1,"minecraft:spruce_sapling":1,"minecraft:white_bed":1,"minecraft:spruce_log":28,"minecraft:dark_oak_log":1,"mowziesmobs:naga_fang":1,"minecraft:bundle":4,"born_in_chaos_v1:fire_dust":1,"minecraft:diamond":6,"wom:diamond_legtopseal":1,"minecraft:soul_lantern":1,"minecraft:crossbow":1,"minecraft:painting":2,"minecraft:golden_apple":1,"minecraft:emerald":49,"tombstone:magic_scroll":1,"minecraft:dark_oak_wood":7,"minecraft:netherrack":4}},"DataVersion":3465}