{"stats":{"minecraft:killed_by":{"minecraft:player":1},"minecraft:picked_up":{"minecraft:acacia_log":5,"minecraft:oak_log":1,"minecraft:dirt":1},"minecraft:custom":{"minecraft:time_since_rest":521,"minecraft:damage_taken":240,"minecraft:crouch_one_cm":1366,"minecraft:sprint_one_cm":11147,"minecraft:play_time":6144,"minecraft:deaths":1,"minecraft:walk_one_cm":6595,"minecraft:sneak_time":384,"minecraft:walk_under_water_one_cm":88,"minecraft:jump":77,"minecraft:damage_dealt":123,"minecraft:leave_game":7,"minecraft:walk_on_water_one_cm":252,"minecraft:time_since_death":957,"minecraft:total_world_time":6144,"minecraft:swim_one_cm":1899,"minecraft:interact_with_crafting_table":1,"minecraft:fall_one_cm":1672,"minecraft:fly_one_cm":26098},"minecraft:mined":{"minecraft:grass":2,"minecraft:acacia_log":5,"minecraft:grass_block":1,"minecraft:oak_log":2},"minecraft:used":{"minecraft:dirt":1,"minecraft:crafting_table":1},"minecraft:crafted":{"minecraft:oak_planks":4,"minecraft:acacia_planks":20,"minecraft:crafting_table":1,"minecraft:stick":4,"minecraft:wooden_axe":1}},"DataVersion":3465}