{"stats":{"minecraft:picked_up":{"minecraft:crafting_table":4,"minecraft:leather":1,"minecraft:oak_log":19,"minecraft:string":9,"minecraft:dirt":3,"minecraft:raw_copper":32,"born_in_chaos_v1:marigolds":5,"minecraft:bone":10,"minecraft:beef":6,"minecraft:mangrove_log":1,"minecraft:furnace":1,"minecraft:raw_iron":2,"minecraft:stick":6,"minecraft:porkchop":17,"tombstone:grave_dust":1,"minecraft:dark_oak_log":2,"minecraft:spider_eye":1,"minecraft:rotten_flesh":6,"born_in_chaos_v1:fire_dust":1,"born_in_chaos_v1:wood_splitter_axe":1,"minecraft:oak_sapling":3,"minecraft:coal":13,"minecraft:cobblestone":50},"minecraft:dropped":{"minecraft:crafting_table":1,"born_in_chaos_v1:smoked_flesh":3,"minecraft:torch":12},"minecraft:custom":{"lootr:looted_stat":6,"minecraft:interact_with_furnace":7,"minecraft:mob_kills":21,"minecraft:interact_with_crafting_table":6,"minecraft:open_barrel":7,"minecraft:damage_dealt_resisted":287,"minecraft:leave_game":3,"minecraft:time_since_death":34241,"minecraft:time_since_rest":34241,"minecraft:sprint_one_cm":105294,"minecraft:damage_taken":730,"minecraft:walk_one_cm":139866,"minecraft:drop":5,"minecraft:damage_dealt":3643,"minecraft:swim_one_cm":6716,"minecraft:fly_one_cm":75523,"minecraft:player_kills":1,"minecraft:crouch_one_cm":404,"minecraft:play_time":34241,"tombstone:undead_killed":7,"minecraft:sneak_time":158,"minecraft:walk_under_water_one_cm":2235,"minecraft:jump":535,"minecraft:walk_on_water_one_cm":7675,"minecraft:total_world_time":34241,"minecraft:fall_one_cm":9159},"minecraft:killed":{"born_in_chaos_v1:spirit_guide":1,"minecraft:pig":7,"born_in_chaos_v1:zombie_lumberjack":1,"born_in_chaos_v1:spirit_guide_assistant":1,"minecraft:spider":3,"born_in_chaos_v1:decrepit_skeleton":2,"minecraft:skeleton":2,"born_in_chaos_v1:firelight_not_despawn":1,"minecraft:cow":3},"minecraft:mined":{"minecraft:crafting_table":4,"minecraft:grass_block":1,"minecraft:copper_ore":9,"minecraft:spawner":3,"minecraft:furnace":1,"minecraft:iron_ore":2,"minecraft:fire":1,"minecraft:grass":1,"minecraft:oak_log":18,"minecraft:coal_ore":14,"minecraft:dirt":2,"minecraft:cobweb":5,"minecraft:stone":52,"minecraft:oak_leaves":5},"minecraft:used":{"minecraft:stone_pickaxe":64,"minecraft:wooden_pickaxe":17,"minecraft:iron_sword":47,"minecraft:torch":1,"minecraft:dirt":2,"minecraft:crafting_table":3,"born_in_chaos_v1:smoked_flesh":1,"minecraft:stone_axe":45,"minecraft:cobblestone":4,"minecraft:oak_sapling":3,"minecraft:furnace":1,"minecraft:cooked_porkchop":9},"minecraft:crafted":{"minecraft:oak_planks":28,"minecraft:cooked_porkchop":16,"minecraft:crafting_table":1,"minecraft:wooden_pickaxe":1,"minecraft:furnace":1,"minecraft:stone_axe":1,"minecraft:air":0,"jet_and_elias_armors:outrider_set_helmet":1,"minecraft:stick":12,"minecraft:stone_pickaxe":1,"minecraft:torch":24}},"DataVersion":3465}