{"stats":{"minecraft:broken":{"spartanshields:stone_basic_shield":1},"minecraft:killed":{"minecraft:spider":2,"minecraft:vindicator":1,"born_in_chaos_v1:baby_skeleton_minion":2,"born_in_chaos_v1:maggot":1,"minecraft:skeleton":6,"born_in_chaos_v1:corpse_fish":1,"born_in_chaos_v1:supreme_bonescaller_stage_2":1,"born_in_chaos_v1:firelight_not_despawn":2,"minecraft:husk":8,"born_in_chaos_v1:bone_imp_minion":8,"born_in_chaos_v1:decrepit_skeleton":5,"minecraft:pillager":14,"minecraft:zombie":2,"born_in_chaos_v1:dread_hound":1,"born_in_chaos_v1:bonescaller_not_despawn":1,"minecraft:stray":1},"minecraft:custom":{"lootr:looted_stat":40,"minecraft:mob_kills":56,"minecraft:interact_with_crafting_table":9,"minecraft:open_barrel":1,"minecraft:damage_dealt_resisted":1455,"minecraft:leave_game":2,"minecraft:time_since_death":620,"minecraft:climb_one_cm":2283,"minecraft:sprint_one_cm":482555,"minecraft:walk_one_cm":404716,"minecraft:damage_blocked_by_shield":2355,"minecraft:drop":23,"tombstone:eaten_lollipop":2,"minecraft:damage_dealt_absorbed":18,"minecraft:play_time":115735,"minecraft:deaths":17,"minecraft:sneak_time":771,"minecraft:walk_under_water_one_cm":16761,"minecraft:jump":1476,"minecraft:interact_with_blast_furnace":2,"minecraft:walk_on_water_one_cm":14724,"minecraft:total_world_time":115735,"spartanshields:shield_bash_hits":1,"minecraft:interact_with_loom":1,"minecraft:sleep_in_bed":7,"minecraft:time_since_rest":474,"minecraft:damage_taken":7653,"minecraft:damage_dealt":12557,"tombstone:cast_on_ally":2,"minecraft:swim_one_cm":47275,"minecraft:fly_one_cm":219164,"minecraft:crouch_one_cm":1554,"tombstone:undead_killed":34,"minecraft:fall_one_cm":24112},"minecraft:killed_by":{"minecraft:husk":6,"minecraft:player":1,"minecraft:stray":1,"minecraft:vindicator":3,"minecraft:skeleton":4,"born_in_chaos_v1:supreme_bonescaller_not_despawn":1,"born_in_chaos_v1:supreme_bonescaller_stage_2":1},"minecraft:picked_up":{"minecraft:crafting_table":3,"minecraft:chain":1,"minecraft:string":1,"minecraft:red_bed":2,"minecraft:white_carpet":6,"minecraft:cyan_carpet":9,"minecraft:cobbled_deepslate":15,"minecraft:spruce_planks":3,"minecraft:redstone_torch":1,"minecraft:cyan_wool":3,"relics:drowned_belt":1,"minecraft:iron_boots":1,"minecraft:raw_iron":14,"minecraft:torch":2,"epicfight:skillbook":2,"tombstone:grave_dust":5,"minecraft:dark_oak_planks":2,"tombstone:lollipop":3,"minecraft:rotten_flesh":10,"minecraft:arrow":6,"relics:spatial_sign":1,"minecraft:white_wool":4,"minecraft:cobblestone":24,"born_in_chaos_v1:staffof_magic_arrows":1,"born_in_chaos_v1:monster_flesh":1,"minecraft:filled_map":1,"minecraft:tuff":3,"minecraft:lapis_lazuli":20,"minecraft:dirt":1,"minecraft:lantern":1,"born_in_chaos_v1:monster_skin":1,"minecraft:bone":13,"minecraft:gray_carpet":1,"minecraft:bow":1,"mowziesmobs:foliaath_seed":3,"tombstone:bag_of_seeds":1,"minecraft:iron_sword":2,"minecraft:oak_planks":3,"sophisticatedbackpacks:iron_backpack":1,"minecraft:blast_furnace":1,"minecraft:spruce_log":16,"comforts:sleeping_bag_cyan":3,"ef_weapon_extended:diamond_knuckles":1,"minecraft:bundle":1,"born_in_chaos_v1:fire_dust":1,"minecraft:diamond":1,"minecraft:bone_meal":1,"minecraft:bread":1,"minecraft:emerald":1,"tombstone:magic_scroll":2,"minecraft:light_gray_carpet":3,"minecraft:netherrack":5,"minecraft:dark_oak_wood":4,"minecraft:coal":14},"minecraft:dropped":{"minecraft:bread":1,"minecraft:iron_sword":3,"mowziesmobs:foliaath_seed":3,"born_in_chaos_v1:monster_flesh":1,"born_in_chaos_v1:monster_skin":1,"minecraft:dark_oak_planks":2,"minecraft:bone":5,"tombstone:lollipop":1,"ef_weapon_extended:diamond_knuckles":1,"relics:drowned_belt":1,"minecraft:tuff":3,"minecraft:filled_map":1,"minecraft:arrow":22,"minecraft:bow":1,"relics:spatial_sign":1,"minecraft:netherrack":4,"epicfight:skillbook":3},"minecraft:crafted":{"comforts:sleeping_bag_cyan":1,"minecraft:stone_pickaxe":1,"minecraft:dark_oak_planks":16,"minecraft:crafting_table":1,"minecraft:spruce_planks":36,"minecraft:wooden_pickaxe":1,"spartanshields:stone_basic_shield":1,"minecraft:stone_axe":1,"minecraft:stick":24,"spartanshields:wooden_basic_shield":1},"minecraft:mined":{"minecraft:tuff":3,"minecraft:spruce_planks":7,"minecraft:grass_block":1,"minecraft:spruce_leaves":13,"minecraft:spawner":2,"minecraft:large_fern":1,"minecraft:fire":3,"minecraft:deepslate_lapis_ore":3,"minecraft:deepslate_iron_ore":14,"minecraft:lantern":1,"minecraft:stone":17,"minecraft:red_bed":3,"minecraft:crafting_table":3,"minecraft:torch":1,"minecraft:dark_oak_wood":4,"minecraft:emerald_ore":1,"minecraft:cobblestone":3,"minecraft:oak_planks":3,"minecraft:wall_torch":1,"minecraft:chain":2,"minecraft:ice":4,"minecraft:spruce_log":16,"minecraft:coal_ore":14,"minecraft:dirt":2,"minecraft:cobweb":1,"minecraft:deepslate":15},"minecraft:used":{"minecraft:spruce_planks":9,"minecraft:iron_sword":187,"tombstone:lollipop":2,"minecraft:netherrack":1,"minecraft:torch":20,"minecraft:dirt":1,"minecraft:spyglass":19,"minecraft:carrot":1,"minecraft:dark_oak_planks":16,"wom:tormented_mind":46,"minecraft:bow":5,"minecraft:goat_horn":7,"tombstone:gift":6,"minecraft:cobbled_deepslate":12,"minecraft:beetroot_soup":2,"epicfight:skillbook":4,"tombstone:scroll_of_knowledge":1,"spartanshields:wooden_basic_shield":8,"minecraft:stone_pickaxe":32,"minecraft:wooden_pickaxe":3,"minecraft:white_wool":1,"minecraft:crafting_table":4,"minecraft:red_bed":2,"minecraft:mushroom_stew":2,"minecraft:redstone_torch":1,"tombstone:bag_of_seeds":2,"comforts:sleeping_bag_cyan":3,"minecraft:apple":18,"spartanshields:stone_basic_shield":19,"minecraft:bread":37,"minecraft:iron_pickaxe":41,"tombstone:magic_scroll":3,"tombstone:grave_key":9,"minecraft:stone_axe":29,"minecraft:fishing_rod":6,"minecraft:cobblestone":9}},"DataVersion":3465}