{"stats":{"minecraft:picked_up":{"minecraft:crafting_table":3,"minecraft:chain":1,"minecraft:string":1,"minecraft:red_bed":2,"minecraft:white_carpet":6,"minecraft:cyan_carpet":9,"minecraft:cobbled_deepslate":15,"minecraft:spruce_planks":3,"minecraft:redstone_torch":1,"minecraft:cyan_wool":3,"irons_spellbooks:inscription_table":2,"relics:drowned_belt":1,"minecraft:iron_boots":1,"minecraft:raw_iron":14,"minecraft:copper_ingot":1,"minecraft:torch":2,"epicfight:skillbook":2,"tombstone:grave_dust":5,"tombstone:lollipop":3,"minecraft:dark_oak_planks":2,"minecraft:rotten_flesh":13,"minecraft:arrow":6,"relics:spatial_sign":1,"minecraft:mutton":2,"minecraft:white_wool":5,"minecraft:cobblestone":24,"born_in_chaos_v1:staffof_magic_arrows":1,"minecraft:golden_carrot":2,"born_in_chaos_v1:monster_flesh":1,"minecraft:filled_map":1,"minecraft:tuff":3,"minecraft:lapis_lazuli":26,"minecraft:dirt":1,"minecraft:lantern":1,"born_in_chaos_v1:monster_skin":1,"minecraft:bone":15,"minecraft:gray_carpet":1,"minecraft:bow":1,"minecraft:wheat_seeds":2,"mowziesmobs:foliaath_seed":3,"tombstone:bag_of_seeds":1,"minecraft:iron_sword":2,"minecraft:oak_planks":3,"minecraft:pumpkin":1,"sophisticatedbackpacks:iron_backpack":2,"minecraft:blast_furnace":1,"comforts:sleeping_bag_cyan":3,"minecraft:spruce_log":16,"ef_weapon_extended:diamond_knuckles":1,"minecraft:bundle":2,"born_in_chaos_v1:fire_dust":1,"minecraft:diamond":1,"minecraft:bone_meal":1,"minecraft:emerald":1,"minecraft:bread":1,"tombstone:magic_scroll":2,"minecraft:light_gray_carpet":3,"minecraft:netherrack":5,"minecraft:dark_oak_wood":4,"minecraft:coal":14},"minecraft:crafted":{"comforts:sleeping_bag_cyan":1,"minecraft:stone_pickaxe":1,"minecraft:dark_oak_planks":16,"minecraft:crafting_table":2,"minecraft:spruce_planks":36,"minecraft:wooden_pickaxe":1,"spartanshields:stone_basic_shield":1,"minecraft:stone_axe":1,"tombstone:book_of_soulbound":1,"minecraft:stick":24,"spartanshields:wooden_basic_shield":1},"minecraft:used":{"irons_spellbooks:inscription_table":2,"minecraft:spruce_planks":9,"minecraft:iron_sword":192,"tombstone:lollipop":2,"minecraft:netherrack":1,"minecraft:torch":20,"minecraft:dirt":1,"minecraft:spyglass":19,"minecraft:carrot":1,"minecraft:dark_oak_planks":16,"wom:tormented_mind":91,"minecraft:bow":5,"minecraft:goat_horn":7,"tombstone:gift":6,"minecraft:cobbled_deepslate":12,"minecraft:beetroot_soup":2,"tombstone:scroll_of_knowledge":1,"epicfight:skillbook":4,"spartanshields:wooden_basic_shield":8,"minecraft:stone_pickaxe":32,"minecraft:wooden_pickaxe":3,"minecraft:white_wool":1,"minecraft:crafting_table":5,"minecraft:red_bed":2,"minecraft:mushroom_stew":2,"minecraft:redstone_torch":1,"tombstone:bag_of_seeds":2,"comforts:sleeping_bag_cyan":3,"minecraft:apple":18,"spartanshields:stone_basic_shield":19,"minecraft:bread":56,"minecraft:iron_pickaxe":41,"tombstone:magic_scroll":3,"tombstone:grave_key":13,"minecraft:stone_axe":33,"minecraft:fishing_rod":6,"minecraft:cobblestone":9},"minecraft:killed":{"born_in_chaos_v1:door_knight_not_despawn":1,"minecraft:vindicator":1,"minecraft:spider":3,"born_in_chaos_v1:baby_skeleton_minion":2,"born_in_chaos_v1:maggot":2,"minecraft:skeleton":6,"born_in_chaos_v1:corpse_fish":1,"born_in_chaos_v1:supreme_bonescaller_stage_2":1,"born_in_chaos_v1:firelight_not_despawn":2,"born_in_chaos_v1:mr_pumpkin_controlled":1,"minecraft:husk":8,"graveyard:ghoul":1,"born_in_chaos_v1:bone_imp_minion":8,"born_in_chaos_v1:decrepit_skeleton":6,"minecraft:sheep":1,"minecraft:pillager":14,"minecraft:zombie":3,"born_in_chaos_v1:dread_hound":1,"born_in_chaos_v1:corpse_fly":1,"born_in_chaos_v1:bonescaller_not_despawn":1,"minecraft:stray":1},"minecraft:mined":{"minecraft:tuff":3,"minecraft:spruce_planks":7,"minecraft:grass_block":1,"minecraft:spruce_leaves":13,"minecraft:spawner":2,"minecraft:large_fern":1,"minecraft:fire":3,"minecraft:deepslate_lapis_ore":3,"minecraft:deepslate_iron_ore":14,"minecraft:lantern":1,"irons_spellbooks:inscription_table":3,"minecraft:stone":17,"minecraft:red_bed":3,"minecraft:crafting_table":3,"minecraft:torch":1,"minecraft:dark_oak_wood":4,"minecraft:emerald_ore":1,"minecraft:cobblestone":3,"minecraft:oak_planks":3,"minecraft:wall_torch":1,"minecraft:chain":2,"minecraft:ice":4,"minecraft:spruce_log":16,"minecraft:grass":2,"minecraft:coal_ore":14,"minecraft:dirt":2,"minecraft:cobweb":1,"minecraft:deepslate":15},"minecraft:killed_by":{"minecraft:husk":6,"minecraft:player":1,"born_in_chaos_v1:nightmare_stalker":1,"minecraft:stray":1,"minecraft:vindicator":3,"minecraft:skeleton":5,"born_in_chaos_v1:supreme_bonescaller_not_despawn":1,"born_in_chaos_v1:supreme_bonescaller_stage_2":1},"minecraft:broken":{"minecraft:iron_boots":1,"spartanshields:stone_basic_shield":1},"minecraft:custom":{"lootr:looted_stat":51,"minecraft:mob_kills":65,"minecraft:interact_with_crafting_table":11,"minecraft:open_barrel":1,"minecraft:damage_dealt_resisted":2646,"minecraft:leave_game":5,"minecraft:time_since_death":6274,"minecraft:climb_one_cm":4632,"minecraft:sprint_one_cm":558558,"minecraft:walk_one_cm":527434,"minecraft:damage_blocked_by_shield":2355,"minecraft:drop":28,"tombstone:eaten_lollipop":2,"minecraft:damage_dealt_absorbed":18,"minecraft:play_time":147905,"minecraft:deaths":21,"minecraft:sneak_time":815,"minecraft:walk_under_water_one_cm":22843,"minecraft:jump":1911,"minecraft:interact_with_blast_furnace":2,"minecraft:walk_on_water_one_cm":18090,"minecraft:total_world_time":147905,"spartanshields:shield_bash_hits":1,"minecraft:interact_with_loom":1,"minecraft:sleep_in_bed":7,"minecraft:time_since_rest":6065,"minecraft:damage_taken":9695,"minecraft:damage_dealt":14548,"tombstone:cast_on_ally":2,"minecraft:swim_one_cm":59578,"minecraft:fly_one_cm":279974,"minecraft:crouch_one_cm":1676,"tombstone:undead_killed":38,"minecraft:fall_one_cm":43498},"minecraft:dropped":{"minecraft:bread":1,"minecraft:iron_sword":3,"minecraft:wheat_seeds":2,"mowziesmobs:foliaath_seed":3,"minecraft:copper_ingot":1,"born_in_chaos_v1:monster_flesh":1,"born_in_chaos_v1:monster_skin":1,"minecraft:dark_oak_planks":2,"minecraft:bone":5,"tombstone:lollipop":1,"ef_weapon_extended:diamond_knuckles":1,"minecraft:cobbled_deepslate":3,"relics:drowned_belt":1,"minecraft:tuff":3,"minecraft:rotten_flesh":13,"minecraft:filled_map":1,"minecraft:arrow":22,"minecraft:bow":1,"relics:spatial_sign":1,"minecraft:netherrack":4,"epicfight:skillbook":3}},"DataVersion":3465}