{"stats":{"minecraft:crafted":{"minecraft:oak_planks":84,"minecraft:stone_shovel":1,"minecraft:iron_nugget":9,"minecraft:furnace":1,"minecraft:cooked_mutton":4,"jet_and_elias_armors:outrider_set_helmet":1,"minecraft:stone_pickaxe":3,"minecraft:chest":5,"sophisticatedbackpacks:iron_backpack":1,"minecraft:cooked_beef":8,"sophisticatedbackpacks:backpack":1,"minecraft:cooked_porkchop":16,"minecraft:crafting_table":1,"minecraft:wooden_pickaxe":1,"spartanshields:stone_basic_shield":1,"minecraft:stone_axe":1,"minecraft:air":0,"minecraft:stick":24,"refm:iron_rapier":1,"minecraft:iron_ingot":5,"minecraft:oak_stairs":8,"spartanshields:wooden_basic_shield":1,"minecraft:white_bed":1,"minecraft:acacia_planks":12,"minecraft:torch":24},"minecraft:killed":{"minecraft:cave_spider":1,"born_in_chaos_v1:zombie_lumberjack":4,"born_in_chaos_v1:restless_spirit":1,"minecraft:spider":4,"born_in_chaos_v1:zombie_bruiser":1,"born_in_chaos_v1:baby_skeleton_minion":2,"minecraft:skeleton":2,"born_in_chaos_v1:firelight_not_despawn":2,"born_in_chaos_v1:fallen_chaos_knight":1,"born_in_chaos_v1:spirit_guide":2,"born_in_chaos_v1:bonescaller":1,"minecraft:pig":7,"born_in_chaos_v1:baby_skeleton":1,"born_in_chaos_v1:spirit_guide_assistant":3,"mowziesmobs:umvuthana_follower_raptor":2,"born_in_chaos_v1:decrepit_skeleton":4,"minecraft:sheep":2,"minecraft:zombie":4,"born_in_chaos_v1:corpse_fly":3,"minecraft:stray":1,"alexsmobs:fly":1,"mowziesmobs:umvuthana_raptor":1,"minecraft:cow":4},"minecraft:used":{"minecraft:stone_shovel":97,"minecraft:chest":5,"minecraft:iron_sword":62,"tombstone:lollipop":2,"minecraft:torch":15,"minecraft:dirt":2,"born_in_chaos_v1:smoked_flesh":1,"minecraft:oak_stairs":12,"refm:iron_rapier":153,"minecraft:oak_sapling":3,"minecraft:furnace":2,"tombstone:gift":4,"minecraft:cooked_beef":8,"minecraft:cooked_mutton":4,"epicfight:skillbook":1,"minecraft:stone_pickaxe":210,"minecraft:wooden_pickaxe":17,"minecraft:crafting_table":4,"minecraft:white_bed":1,"spartanshields:stone_basic_shield":5,"minecraft:bread":2,"tombstone:grave_key":5,"minecraft:stone_axe":58,"minecraft:cobblestone":128,"minecraft:cooked_porkchop":13},"minecraft:dropped":{"minecraft:bread":3,"minecraft:crafting_table":1,"minecraft:cooked_porkchop":2,"minecraft:cobblestone":26,"minecraft:leather":1,"relics:roller_skates":1,"minecraft:torch":12,"minecraft:gravel":3,"born_in_chaos_v1:smoked_flesh":3,"sophisticatedbackpacks:diamond_backpack":1,"refm:iron_rapier":1,"minecraft:stone_pickaxe":2,"born_in_chaos_v1:marigolds":5,"epicfight:skillbook":1,"mowziesmobs:umvuthana_mask_fury":1},"minecraft:picked_up":{"minecraft:crafting_table":4,"refm:iron_rapier":1,"minecraft:oak_stairs":4,"minecraft:string":16,"minecraft:raw_copper":49,"epicfight:stray_hat":1,"minecraft:beef":8,"minecraft:chest":1,"minecraft:mangrove_log":2,"minecraft:furnace":1,"minecraft:tipped_arrow":1,"minecraft:stick":6,"minecraft:raw_iron":17,"born_in_chaos_v1:shattered_skull":1,"minecraft:torch":5,"minecraft:acacia_log":3,"epicfight:skillbook":3,"minecraft:porkchop":17,"tombstone:grave_dust":7,"tombstone:lollipop":2,"minecraft:arrow":5,"minecraft:rotten_flesh":23,"born_in_chaos_v1:wood_splitter_axe":1,"minecraft:iron_block":1,"mowziesmobs:umvuthana_mask_bliss":1,"tombstone:essence_of_undeath":1,"minecraft:mutton":4,"minecraft:cobblestone":216,"minecraft:white_wool":3,"minecraft:birch_log":2,"born_in_chaos_v1:corpse_maggot":4,"mowziesmobs:umvuthana_mask_fury":1,"minecraft:feather":3,"born_in_chaos_v1:spiritual_dust":2,"minecraft:leather":3,"minecraft:oak_log":21,"minecraft:dirt":119,"born_in_chaos_v1:monster_skin":1,"born_in_chaos_v1:marigolds":10,"minecraft:bone":18,"minecraft:bow":1,"minecraft:wheat_seeds":19,"minecraft:iron_ingot":3,"mowziesmobs:umvuthana_mask_misery":1,"sophisticatedbackpacks:diamond_backpack":1,"irons_spellbooks:frozen_bone":4,"born_in_chaos_v1:ethereal_spirit":2,"minecraft:gravel":3,"minecraft:spruce_log":1,"minecraft:dark_oak_log":2,"minecraft:spider_eye":3,"minecraft:bundle":1,"born_in_chaos_v1:fire_dust":2,"minecraft:diamond":8,"minecraft:golden_apple":1,"minecraft:oak_sapling":3,"minecraft:coal":14},"minecraft:mined":{"minecraft:grass_block":79,"minecraft:spawner":8,"minecraft:furnace":1,"minecraft:fire":3,"minecraft:iron_ore":17,"minecraft:oak_stairs":4,"minecraft:stone":159,"minecraft:crafting_table":4,"minecraft:chest":1,"minecraft:copper_ore":15,"minecraft:tall_grass":14,"minecraft:cobblestone":11,"minecraft:wall_torch":1,"minecraft:grass":121,"minecraft:coal_ore":16,"minecraft:oak_log":18,"minecraft:gravel":3,"minecraft:dirt":47,"minecraft:cobweb":5,"minecraft:oak_leaves":5},"minecraft:killed_by":{"born_in_chaos_v1:baby_skeleton_minion":2,"born_in_chaos_v1:nightmare_stalker":2,"minecraft:stray":3,"born_in_chaos_v1:zombie_lumberjack":1,"mowziesmobs:umvuthana_raptor":1,"born_in_chaos_v1:dread_hound":1,"minecraft:vex":1},"minecraft:custom":{"lootr:looted_stat":10,"minecraft:mob_kills":56,"minecraft:interact_with_crafting_table":18,"minecraft:open_barrel":8,"minecraft:bell_ring":1,"minecraft:damage_dealt_resisted":819,"minecraft:leave_game":3,"minecraft:time_since_death":1476,"minecraft:sprint_one_cm":322501,"minecraft:walk_one_cm":492601,"minecraft:damage_blocked_by_shield":300,"minecraft:drop":23,"tombstone:eaten_lollipop":2,"minecraft:play_time":110814,"minecraft:deaths":12,"minecraft:sneak_time":2707,"minecraft:walk_under_water_one_cm":3734,"minecraft:jump":1838,"minecraft:walk_on_water_one_cm":13013,"minecraft:total_world_time":110814,"minecraft:interact_with_furnace":15,"minecraft:time_since_rest":616,"minecraft:damage_taken":5384,"minecraft:damage_dealt":10291,"minecraft:swim_one_cm":15567,"minecraft:fly_one_cm":267626,"minecraft:player_kills":1,"minecraft:open_chest":13,"minecraft:crouch_one_cm":7003,"tombstone:undead_killed":26,"minecraft:fall_one_cm":38108}},"DataVersion":3465}