{"stats":{"minecraft:picked_up":{"minecraft:crafting_table":4,"minecraft:leather":3,"minecraft:oak_log":19,"minecraft:string":9,"minecraft:dirt":6,"minecraft:raw_copper":32,"born_in_chaos_v1:marigolds":5,"minecraft:bone":10,"minecraft:beef":8,"minecraft:mangrove_log":1,"minecraft:furnace":1,"minecraft:raw_iron":2,"minecraft:stick":6,"minecraft:torch":1,"minecraft:porkchop":17,"tombstone:grave_dust":1,"minecraft:dark_oak_log":2,"minecraft:spider_eye":1,"minecraft:rotten_flesh":6,"born_in_chaos_v1:fire_dust":1,"born_in_chaos_v1:wood_splitter_axe":1,"minecraft:oak_sapling":3,"minecraft:coal":13,"minecraft:cobblestone":50},"minecraft:dropped":{"minecraft:crafting_table":1,"born_in_chaos_v1:smoked_flesh":3,"minecraft:torch":12},"minecraft:custom":{"lootr:looted_stat":8,"minecraft:interact_with_furnace":7,"minecraft:mob_kills":22,"minecraft:interact_with_crafting_table":6,"minecraft:open_barrel":7,"minecraft:bell_ring":1,"minecraft:damage_dealt_resisted":287,"minecraft:leave_game":3,"minecraft:time_since_death":40241,"minecraft:time_since_rest":40241,"minecraft:sprint_one_cm":142083,"minecraft:damage_taken":799,"minecraft:walk_one_cm":178050,"minecraft:drop":5,"minecraft:damage_dealt":3683,"minecraft:swim_one_cm":11535,"minecraft:fly_one_cm":109016,"minecraft:player_kills":1,"minecraft:crouch_one_cm":973,"minecraft:play_time":40241,"tombstone:undead_killed":7,"minecraft:sneak_time":245,"minecraft:walk_under_water_one_cm":3650,"minecraft:jump":686,"minecraft:walk_on_water_one_cm":11435,"minecraft:total_world_time":40241,"minecraft:fall_one_cm":12084},"minecraft:killed":{"born_in_chaos_v1:spirit_guide":1,"minecraft:pig":7,"born_in_chaos_v1:zombie_lumberjack":1,"born_in_chaos_v1:spirit_guide_assistant":1,"minecraft:spider":3,"born_in_chaos_v1:decrepit_skeleton":2,"minecraft:skeleton":2,"born_in_chaos_v1:firelight_not_despawn":1,"minecraft:cow":4},"minecraft:mined":{"minecraft:crafting_table":4,"minecraft:grass_block":3,"minecraft:copper_ore":9,"minecraft:spawner":3,"minecraft:furnace":1,"minecraft:iron_ore":2,"minecraft:fire":1,"minecraft:grass":1,"minecraft:oak_log":18,"minecraft:coal_ore":14,"minecraft:dirt":3,"minecraft:cobweb":5,"minecraft:stone":52,"minecraft:oak_leaves":5},"minecraft:used":{"minecraft:stone_pickaxe":64,"minecraft:wooden_pickaxe":17,"minecraft:iron_sword":48,"minecraft:torch":2,"minecraft:dirt":2,"minecraft:crafting_table":3,"born_in_chaos_v1:smoked_flesh":1,"minecraft:stone_axe":45,"minecraft:cobblestone":20,"minecraft:oak_sapling":3,"minecraft:furnace":1,"minecraft:cooked_porkchop":11},"minecraft:crafted":{"minecraft:oak_planks":28,"minecraft:cooked_porkchop":16,"minecraft:crafting_table":1,"minecraft:wooden_pickaxe":1,"minecraft:furnace":1,"minecraft:stone_axe":1,"minecraft:air":0,"jet_and_elias_armors:outrider_set_helmet":1,"minecraft:stick":12,"minecraft:stone_pickaxe":1,"minecraft:torch":24}},"DataVersion":3465}