{"stats":{"minecraft:picked_up":{"minecraft:raw_iron":11,"minecraft:crafting_table":1,"minecraft:wheat_seeds":2,"minecraft:stripped_spruce_wood":2,"minecraft:spruce_log":5,"minecraft:cobblestone":13},"minecraft:dropped":{"minecraft:wheat_seeds":2},"minecraft:custom":{"minecraft:time_since_rest":4250,"minecraft:interact_with_furnace":1,"minecraft:crouch_one_cm":245,"minecraft:play_time":4250,"minecraft:sprint_one_cm":2163,"minecraft:walk_one_cm":4474,"minecraft:sneak_time":257,"minecraft:drop":2,"minecraft:jump":8,"minecraft:time_since_death":4250,"minecraft:total_world_time":4250,"minecraft:interact_with_crafting_table":3,"minecraft:fly_one_cm":74},"minecraft:mined":{"minecraft:grass":1,"minecraft:stripped_spruce_wood":2,"minecraft:iron_ore":11,"minecraft:spruce_leaves":1,"minecraft:spruce_log":6,"minecraft:stone":13,"minecraft:oak_leaves":1,"minecraft:crafting_table":1},"minecraft:used":{"minecraft:wooden_axe":3,"minecraft:crafting_table":2,"minecraft:furnace":1,"minecraft:stone_pickaxe":20,"alexsmobs:animal_dictionary":1,"minecraft:wooden_pickaxe":4},"minecraft:crafted":{"minecraft:furnace":1,"minecraft:crafting_table":1,"minecraft:spruce_planks":20,"minecraft:stick":20,"minecraft:wooden_pickaxe":1,"minecraft:stone_pickaxe":1,"minecraft:wooden_axe":1}},"DataVersion":3465}