{"stats":{"minecraft:killed_by":{"minecraft:husk":21,"minecraft:player":1,"minecraft:stray":1,"minecraft:pillager":2,"stalwart_dungeons:giddy_blaze":6,"minecraft:vindicator":2,"minecraft:skeleton":5,"born_in_chaos_v1:supreme_bonescaller_stage_2":1,"alexsmobs:moose":1,"minecraft:vex":1},"minecraft:dropped":{"minecraft:iron_sword":3,"born_in_chaos_v1:shattered_skull":1,"minecraft:wheat_seeds":4,"minecraft:warped_fungus":3,"minecraft:mossy_cobblestone":1,"minecraft:ender_pearl":6,"minecraft:glass_bottle":1,"minecraft:diamond":12,"minecraft:crafting_table":2,"cataclysm:lionfish":1,"minecraft:oak_fence":2,"minecraft:iron_helmet":1,"minecraft:book":14,"minecraft:warped_roots":42,"minecraft:leather":2,"minecraft:cracked_stone_bricks":1,"born_in_chaos_v1:pieceofdarkmetal":6,"minecraft:spruce_stairs":1,"minecraft:coal":20,"minecraft:emerald":4,"minecraft:flint":5,"tombstone:grave_key":1,"minecraft:wooden_axe":1,"minecraft:rose_bush":2,"minecraft:melon_slice":5,"minecraft:stripped_dark_oak_wood":1,"irons_spellbooks:epic_ink":1,"tombstone:grave_dust":7,"minecraft:dead_bush":1,"minecraft:chain":1,"minecraft:mossy_cobblestone_stairs":1,"minecraft:fishing_rod":1,"minecraft:string":1,"irons_spellbooks:frozen_bone":19,"minecraft:white_wool":1,"minecraft:bucket":3,"minecraft:gray_carpet":2,"minecraft:spruce_sapling":3,"minecraft:cyan_carpet":7,"born_in_chaos_v1:nightmare_scythe":1,"ef_weapon_extended:diamond_knuckles":3,"alexsmobs:animal_dictionary":1,"minecraft:bowl":2,"minecraft:black_carpet":3,"minecraft:nether_brick":4,"minecraft:obsidian":3,"minecraft:beetroot":11,"minecraft:rotten_flesh":21,"sophisticatedbackpacks:backpack":3,"born_in_chaos_v1:spiritual_dust":2,"wom:diamond_legtopseal":2,"minecraft:chainmail_chestplate":1,"minecraft:filled_map":2,"minecraft:cyan_wool":6,"minecraft:flower_pot":1,"minecraft:bundle":2,"minecraft:spruce_planks":5,"minecraft:skeleton_skull":1,"born_in_chaos_v1:corpse_maggot":1,"minecraft:stone_bricks":1,"minecraft:spider_eye":1,"minecraft:spruce_log":1,"minecraft:painting":1,"minecraft:spruce_slab":6,"minecraft:iron_bars":2,"minecraft:bow":3,"minecraft:beef":5,"minecraft:dead_brain_coral_block":5,"minecraft:calcite":5,"born_in_chaos_v1:skullbreaker_hammer":1,"minecraft:netherrack":4,"minecraft:dead_tube_coral_block":7},"minecraft:crafted":{"minecraft:oak_planks":24,"minecraft:dark_oak_sign":3,"minecraft:iron_boots":1,"minecraft:iron_axe":1,"minecraft:chest":11,"minecraft:dark_oak_planks":92,"minecraft:crimson_planks":4,"minecraft:crafting_table":2,"minecraft:spruce_planks":88,"minecraft:wooden_pickaxe":1,"minecraft:cyan_bed":1,"minecraft:iron_helmet":1,"minecraft:spruce_door":6,"minecraft:bucket":1,"minecraft:iron_chestplate":1,"minecraft:stick":36,"minecraft:wooden_axe":1,"ef_weapon_extended:diamond_knuckles":2,"minecraft:acacia_planks":8},"minecraft:broken":{"minecraft:iron_boots":1,"minecraft:iron_leggings":1,"minecraft:iron_helmet":1},"minecraft:killed":{"minecraft:cave_spider":4,"born_in_chaos_v1:zombie_lumberjack":2,"born_in_chaos_v1:door_knight_not_despawn":1,"born_in_chaos_v1:pumpkin_spirit":1,"minecraft:spider":15,"minecraft:vindicator":2,"born_in_chaos_v1:baby_skeleton_minion":3,"born_in_chaos_v1:maggot":4,"minecraft:skeleton":8,"stalwart_dungeons:nether_wart_cocoon":1,"born_in_chaos_v1:firelight_not_despawn":1,"minecraft:husk":17,"born_in_chaos_v1:bone_imp_minion":4,"born_in_chaos_v1:bone_imp":1,"stalwart_dungeons:giddy_blaze":2,"minecraft:pillager":4,"minecraft:zombie":5,"born_in_chaos_v1:bonescaller_not_despawn":1,"minecraft:stray":5,"minecraft:cow":4},"minecraft:mined":{"minecraft:nether_gold_ore":10,"minecraft:spruce_planks":1,"minecraft:mossy_cobblestone":3,"minecraft:dark_oak_log":23,"minecraft:red_nether_bricks":4,"minecraft:potted_dead_bush":1,"minecraft:grass_block":6,"minecraft:spruce_fence":1,"minecraft:dead_tube_coral_block":7,"minecraft:jungle_planks":7,"minecraft:weeping_vines":1,"minecraft:spruce_leaves":7,"minecraft:spawner":14,"minecraft:large_fern":8,"minecraft:weeping_vines_plant":1,"minecraft:mossy_cobblestone_stairs":1,"minecraft:fire":2,"minecraft:acacia_wood":1,"minecraft:stripped_dark_oak_wood":1,"minecraft:nether_brick_stairs":1,"minecraft:bookshelf":2,"minecraft:iron_bars":2,"minecraft:packed_ice":6,"minecraft:stone":1,"minecraft:spruce_slab":2,"minecraft:smithing_table":1,"minecraft:oak_slab":3,"minecraft:crafting_table":6,"minecraft:blast_furnace":3,"minecraft:oak_wood":2,"minecraft:calcite":7,"minecraft:melon":1,"minecraft:chest":1,"minecraft:rose_bush":1,"minecraft:nether_brick_slab":1,"minecraft:tall_grass":2,"minecraft:oak_planks":3,"minecraft:damaged_anvil":1,"minecraft:warped_wart_block":1,"minecraft:spruce_stairs":1,"minecraft:birch_planks":1,"minecraft:cyan_wool":12,"minecraft:chain":1,"minecraft:purple_bed":2,"minecraft:warped_nylium":1,"minecraft:spruce_log":21,"minecraft:dead_brain_coral_block":5,"minecraft:grass":5,"minecraft:sand":10,"minecraft:dirt":4,"minecraft:cracked_stone_bricks":1,"minecraft:stone_bricks":1,"minecraft:netherrack":32,"minecraft:mossy_stone_bricks":2,"minecraft:iron_trapdoor":1},"minecraft:used":{"minecraft:flint_and_steel":5,"minecraft:spruce_slab":1,"minecraft:chest":12,"minecraft:spruce_planks":44,"minecraft:iron_sword":152,"tombstone:lollipop":4,"minecraft:netherrack":12,"minecraft:dirt":6,"minecraft:carrot":9,"minecraft:diamond_helmet":1,"minecraft:spruce_fence":1,"minecraft:obsidian":3,"minecraft:wooden_axe":40,"minecraft:iron_axe":37,"minecraft:iron_boots":1,"born_in_chaos_v1:nightmare_scythe":138,"minecraft:crimson_planks":4,"minecraft:rabbit_stew":1,"tombstone:gift":5,"minecraft:beetroot_soup":1,"minecraft:calcite":2,"minecraft:water_bucket":58,"epicfight:skillbook":2,"minecraft:spruce_door":4,"minecraft:dark_oak_sign":1,"minecraft:red_nether_bricks":1,"minecraft:oak_planks":10,"minecraft:sand":10,"minecraft:oak_slab":14,"minecraft:tnt":5,"minecraft:crafting_table":6,"minecraft:blast_furnace":1,"born_in_chaos_v1:skullbreaker_hammer":3,"minecraft:iron_pickaxe":114,"tombstone:tablet_of_assistance":3,"minecraft:bread":21,"minecraft:cyan_bed":1,"tombstone:grave_key":12,"ef_weapon_extended:diamond_knuckles":63,"minecraft:fishing_rod":11,"alexscaves:tripodfish":1,"minecraft:potion":1,"minecraft:purple_bed":2,"minecraft:bucket":58,"minecraft:pumpkin_pie":7},"minecraft:custom":{"lootr:looted_stat":55,"minecraft:mob_kills":101,"minecraft:interact_with_crafting_table":31,"minecraft:open_barrel":9,"minecraft:bell_ring":1,"minecraft:damage_dealt_resisted":2013,"minecraft:time_since_death":9777,"minecraft:climb_one_cm":6242,"minecraft:damage_resisted":1176,"minecraft:sprint_one_cm":337847,"minecraft:walk_one_cm":592659,"minecraft:drop":108,"tombstone:eaten_lollipop":4,"minecraft:damage_dealt_absorbed":18,"minecraft:talked_to_villager":3,"minecraft:play_time":167432,"minecraft:deaths":44,"minecraft:sneak_time":3897,"minecraft:walk_under_water_one_cm":21960,"minecraft:interact_with_lectern":1,"minecraft:jump":1608,"minecraft:interact_with_blast_furnace":4,"minecraft:walk_on_water_one_cm":58607,"minecraft:total_world_time":167432,"minecraft:sleep_in_bed":4,"minecraft:time_since_rest":9572,"minecraft:damage_taken":14940,"minecraft:damage_absorbed":160,"minecraft:damage_dealt":19370,"minecraft:swim_one_cm":3366,"minecraft:fly_one_cm":252093,"minecraft:open_chest":16,"minecraft:crouch_one_cm":10869,"tombstone:undead_killed":47,"minecraft:fall_one_cm":47452},"minecraft:picked_up":{"sophisticatedbackpacks:gold_backpack":1,"minecraft:fishing_rod":2,"minecraft:crafting_table":8,"minecraft:black_carpet":3,"minecraft:iron_trapdoor":1,"minecraft:flower_pot":3,"minecraft:rabbit_stew":1,"minecraft:smithing_table":1,"minecraft:nether_brick":4,"tombstone:grave_key":1,"minecraft:chain":2,"epicfight:stray_pants":1,"minecraft:dead_tube_coral_block":7,"minecraft:string":24,"minecraft:red_nether_bricks":2,"minecraft:cyan_carpet":9,"minecraft:cracked_stone_bricks":1,"minecraft:gold_nugget":38,"minecraft:bucket":4,"minecraft:spruce_planks":2,"minecraft:beef":12,"minecraft:calcite":5,"irons_spellbooks:epic_ink":1,"minecraft:rose_bush":2,"minecraft:cyan_wool":11,"minecraft:spruce_slab":2,"minecraft:melon_slice":5,"minecraft:chest":1,"minecraft:iron_boots":1,"minecraft:tipped_arrow":2,"born_in_chaos_v1:shattered_skull":3,"minecraft:acacia_log":2,"minecraft:spruce_stairs":1,"sophisticatedbackpacks:backpack":3,"minecraft:spruce_fence":1,"epicfight:skillbook":2,"tombstone:grave_dust":19,"born_in_chaos_v1:pieceofdarkmetal":10,"tombstone:lollipop":6,"minecraft:arrow":18,"minecraft:weeping_vines":1,"minecraft:rotten_flesh":37,"minecraft:hay_block":1,"minecraft:carved_pumpkin":1,"minecraft:saddle":1,"epicfight:stray_robe":1,"minecraft:blaze_rod":4,"minecraft:obsidian":3,"minecraft:iron_bars":4,"minecraft:white_wool":1,"minecraft:cobblestone":2,"born_in_chaos_v1:corpse_maggot":3,"born_in_chaos_v1:spiritual_dust":4,"minecraft:leather":5,"minecraft:acacia_wood":1,"minecraft:filled_map":2,"minecraft:birch_planks":1,"minecraft:crimson_fungus":1,"minecraft:chainmail_chestplate":1,"minecraft:dirt":8,"minecraft:paper":36,"tombstone:gift":1,"minecraft:bone":32,"minecraft:stone_bricks":1,"minecraft:gray_carpet":6,"minecraft:bow":5,"minecraft:wheat_seeds":7,"born_in_chaos_v1:skullbreaker_hammer":1,"minecraft:iron_ingot":2,"minecraft:iron_sword":2,"minecraft:oak_planks":2,"minecraft:book":20,"minecraft:oak_slab":13,"minecraft:warped_fungus":5,"irons_spellbooks:frozen_bone":24,"minecraft:sweet_berries":3,"born_in_chaos_v1:orbofthe_summoner":1,"born_in_chaos_v1:ethereal_spirit":1,"minecraft:sand":10,"minecraft:jungle_planks":7,"minecraft:nether_brick_stairs":1,"minecraft:nether_brick_slab":1,"minecraft:spruce_sapling":3,"minecraft:dead_bush":1,"minecraft:blast_furnace":2,"minecraft:spruce_log":24,"minecraft:dark_oak_log":23,"minecraft:spider_eye":7,"alexsmobs:animal_dictionary":1,"minecraft:mossy_cobblestone":2,"ef_weapon_extended:diamond_knuckles":1,"minecraft:bundle":5,"cataclysm:lionfish":2,"minecraft:oak_wood":2,"minecraft:purple_bed":2,"born_in_chaos_v1:fire_dust":1,"minecraft:diamond":10,"wom:diamond_legtopseal":3,"minecraft:iron_helmet":2,"born_in_chaos_v1:nightmare_scythe":1,"minecraft:dead_brain_coral_block":10,"minecraft:golden_apple":1,"minecraft:mossy_cobblestone_stairs":1,"minecraft:emerald":5,"minecraft:warped_roots":30,"tombstone:magic_scroll":2,"minecraft:damaged_anvil":1,"minecraft:netherrack":30,"minecraft:coal":22,"minecraft:crimson_roots":1,"minecraft:ender_pearl":6}},"DataVersion":3465}