{"stats":{"minecraft:crafted":{"minecraft:furnace":1,"minecraft:iron_axe":1,"wom:iron_greataxe":1,"born_in_chaos_v1:fried_maggot":6,"minecraft:stone_pickaxe":1,"minecraft:crafting_table":1,"minecraft:spruce_planks":36,"minecraft:wooden_pickaxe":1,"minecraft:bucket":1,"minecraft:air":0,"minecraft:iron_chestplate":1,"minecraft:stick":44,"minecraft:iron_pickaxe":1,"minecraft:iron_ingot":22,"minecraft:wooden_axe":1,"minecraft:iron_leggings":1},"minecraft:killed":{"minecraft:cave_spider":4,"minecraft:spider":1,"born_in_chaos_v1:maggot":17,"minecraft:skeleton":5,"minecraft:iron_golem":1,"born_in_chaos_v1:decrepit_skeleton":1,"alexsmobs:catfish":1,"minecraft:zombie":29,"born_in_chaos_v1:corpse_fly":2,"minecraft:stray":8,"born_in_chaos_v1:door_knight":1,"minecraft:wither_skeleton":3},"minecraft:used":{"minecraft:iron_bars":2,"minecraft:spruce_planks":4,"born_in_chaos_v1:fried_maggot":6,"minecraft:rotten_flesh":1,"minecraft:dirt":3,"minecraft:nether_bricks":2,"minecraft:granite":7,"wom:iron_greataxe":223,"minecraft:wooden_axe":12,"minecraft:furnace":3,"tombstone:gift":6,"minecraft:cooked_beef":5,"minecraft:iron_leggings":1,"epicfight:skillbook":7,"minecraft:water_bucket":4,"minecraft:mossy_stone_bricks":1,"minecraft:stone_pickaxe":20,"minecraft:wooden_pickaxe":4,"minecraft:mossy_stone_brick_stairs":1,"minecraft:golden_apple":7,"minecraft:mossy_cobblestone":3,"minecraft:crafting_table":5,"minecraft:white_bed":6,"minecraft:diamond_pickaxe":74,"minecraft:melon_slice":5,"minecraft:iron_pickaxe":130,"tombstone:magic_scroll":2,"tombstone:grave_key":1,"minecraft:cobblestone":30,"minecraft:potion":1,"minecraft:bucket":5,"alexsmobs:animal_dictionary":1},"minecraft:dropped":{"minecraft:wheat_seeds":2,"minecraft:mossy_cobblestone":1,"minecraft:glass_bottle":3,"minecraft:iron_helmet":3,"minecraft:granite":5,"minecraft:chainmail_helmet":3,"minecraft:leather_helmet":1,"minecraft:stick":15,"mca:book_romance":1,"minecraft:wooden_axe":1,"tombstone:grave_dust":1,"minecraft:iron_leggings":1,"minecraft:iron_pickaxe":1,"minecraft:chainmail_leggings":1,"irons_spellbooks:frozen_bone":11,"minecraft:bone":2,"minecraft:cooked_chicken":1,"alexsmobs:animal_dictionary":1,"minecraft:cobbled_deepslate":1,"minecraft:wild_armor_trim_smithing_template":2,"minecraft:rotten_flesh":14,"minecraft:chainmail_chestplate":2,"minecraft:leather_chestplate":1,"minecraft:iron_chestplate":1,"minecraft:andesite":8,"minecraft:leather_boots":1,"minecraft:chainmail_boots":3,"minecraft:arrow":17,"minecraft:iron_bars":4,"wom:emerald_tasset":1,"minecraft:bow":1,"minecraft:stone_pickaxe":1,"minecraft:wooden_pickaxe":1,"minecraft:stone_brick_stairs":1},"minecraft:picked_up":{"minecraft:crafting_table":4,"minecraft:iron_chestplate":1,"minecraft:chainmail_boots":3,"minecraft:wooden_pickaxe":1,"minecraft:stone_brick_stairs":1,"minecraft:string":1,"minecraft:cobbled_deepslate":1,"minecraft:iron_pickaxe":1,"minecraft:furnace":2,"minecraft:raw_iron":24,"minecraft:stick":5,"epicfight:skillbook":1,"tombstone:grave_dust":12,"minecraft:arrow":17,"minecraft:rotten_flesh":31,"minecraft:nether_bricks":2,"minecraft:iron_bars":12,"minecraft:cobblestone":60,"born_in_chaos_v1:corpse_maggot":8,"minecraft:leather_chestplate":1,"minecraft:andesite":8,"minecraft:stripped_spruce_wood":3,"minecraft:chainmail_chestplate":2,"minecraft:lapis_lazuli":23,"minecraft:dirt":4,"minecraft:leather_boots":2,"minecraft:bone":13,"minecraft:bow":1,"minecraft:wheat_seeds":2,"minecraft:iron_ingot":9,"tombstone:bag_of_seeds":1,"minecraft:mossy_stone_bricks":1,"minecraft:glass_bottle":2,"minecraft:mossy_stone_brick_stairs":1,"minecraft:book":3,"irons_spellbooks:frozen_bone":11,"minecraft:spruce_sapling":2,"minecraft:leather_helmet":1,"minecraft:white_bed":6,"minecraft:spruce_log":6,"minecraft:spider_eye":1,"minecraft:mossy_cobblestone":4,"alexsmobs:raw_catfish":2,"minecraft:iron_helmet":2,"minecraft:granite":12,"minecraft:chainmail_helmet":2,"tombstone:magic_scroll":2,"minecraft:coal":100},"minecraft:broken":{"minecraft:iron_boots":1,"minecraft:iron_chestplate":1,"minecraft:iron_helmet":1},"minecraft:mined":{"minecraft:spruce_planks":1,"minecraft:white_bed":6,"minecraft:mossy_cobblestone":4,"minecraft:granite":7,"minecraft:nether_bricks":2,"minecraft:grass_block":1,"minecraft:spruce_leaves":1,"minecraft:spawner":29,"minecraft:furnace":2,"minecraft:iron_ore":23,"minecraft:andesite":11,"minecraft:nether_brick_stairs":3,"minecraft:mossy_stone_brick_stairs":1,"minecraft:bookshelf":2,"minecraft:dirt_path":3,"minecraft:iron_bars":16,"minecraft:stone":63,"minecraft:crafting_table":4,"minecraft:lapis_ore":4,"minecraft:black_stained_glass":2,"minecraft:stripped_spruce_wood":3,"minecraft:spruce_log":6,"minecraft:stone_brick_stairs":1,"minecraft:grass":1,"minecraft:coal_ore":51,"minecraft:cracked_stone_bricks":1,"minecraft:mossy_stone_bricks":3,"minecraft:oak_leaves":1,"minecraft:deepslate":3},"minecraft:killed_by":{"born_in_chaos_v1:restless_spirit":1,"minecraft:wither_skeleton":2,"minecraft:stray":1,"born_in_chaos_v1:zombie_bruiser":1,"minecraft:skeleton":2,"minecraft:zombie":5},"minecraft:custom":{"lootr:looted_stat":49,"minecraft:mob_kills":77,"minecraft:interact_with_crafting_table":15,"minecraft:damage_dealt_resisted":2064,"minecraft:eat_cake_slice":4,"minecraft:leave_game":2,"minecraft:time_since_death":10244,"minecraft:climb_one_cm":1425,"minecraft:sprint_one_cm":194143,"minecraft:walk_one_cm":179210,"minecraft:drop":47,"minecraft:play_time":67596,"minecraft:deaths":13,"minecraft:sneak_time":2433,"minecraft:walk_under_water_one_cm":5875,"minecraft:jump":458,"minecraft:walk_on_water_one_cm":17723,"minecraft:total_world_time":67596,"minecraft:interact_with_furnace":18,"minecraft:sleep_in_bed":3,"minecraft:time_since_rest":9965,"minecraft:damage_taken":6554,"minecraft:damage_absorbed":201,"minecraft:damage_dealt":13381,"minecraft:swim_one_cm":7133,"minecraft:fly_one_cm":101737,"minecraft:crouch_one_cm":7284,"tombstone:undead_killed":47,"minecraft:fall_one_cm":8360}},"DataVersion":3465}