{"stats":{"minecraft:crafted":{"minecraft:oak_planks":24,"minecraft:furnace":2,"minecraft:iron_axe":1,"wom:iron_greataxe":1,"born_in_chaos_v1:fried_maggot":6,"minecraft:stone_pickaxe":1,"minecraft:chest":2,"sophisticatedbackpacks:iron_backpack":1,"minecraft:cooked_beef":18,"sophisticatedbackpacks:backpack":1,"minecraft:crafting_table":2,"minecraft:spruce_planks":36,"farmersdelight:iron_knife":1,"minecraft:wooden_pickaxe":1,"minecraft:iron_sword":2,"epicfight:iron_dagger":1,"sophisticatedbackpacks:gold_backpack":1,"minecraft:bucket":2,"minecraft:air":0,"epicfight:iron_tachi":1,"minecraft:iron_chestplate":1,"minecraft:golden_apple":3,"minecraft:stick":52,"minecraft:iron_pickaxe":1,"minecraft:iron_ingot":22,"minecraft:wooden_axe":1,"minecraft:iron_leggings":1},"minecraft:killed":{"minecraft:cave_spider":4,"irons_spellbooks:summoned_zombie":3,"minecraft:spider":2,"born_in_chaos_v1:maggot":17,"minecraft:skeleton":7,"irons_spellbooks:summoned_skeleton":1,"minecraft:iron_golem":1,"irons_spellbooks:necromancer":1,"born_in_chaos_v1:decrepit_skeleton":2,"alexsmobs:catfish":1,"minecraft:zombie":31,"born_in_chaos_v1:corpse_fly":3,"minecraft:stray":8,"born_in_chaos_v1:door_knight":1,"minecraft:wither_skeleton":3,"minecraft:cow":13},"minecraft:used":{"alexsmobs:emu_egg":1,"minecraft:iron_bars":2,"minecraft:spruce_planks":4,"minecraft:iron_sword":7,"born_in_chaos_v1:fried_maggot":6,"minecraft:rotten_flesh":1,"minecraft:dirt":3,"minecraft:nether_bricks":2,"minecraft:granite":7,"wom:iron_greataxe":247,"minecraft:wooden_axe":12,"minecraft:furnace":4,"tombstone:gift":8,"minecraft:cooked_beef":15,"minecraft:iron_leggings":1,"epicfight:skillbook":7,"minecraft:water_bucket":7,"minecraft:mossy_stone_bricks":1,"minecraft:stone_pickaxe":20,"minecraft:ender_pearl":4,"minecraft:andesite_slab":1,"minecraft:wooden_pickaxe":4,"minecraft:mossy_stone_brick_stairs":1,"minecraft:golden_apple":8,"minecraft:mossy_cobblestone":3,"minecraft:crafting_table":10,"minecraft:white_bed":6,"epicfight:iron_tachi":52,"tombstone:bag_of_seeds":1,"minecraft:diamond_pickaxe":92,"minecraft:melon_slice":5,"minecraft:iron_pickaxe":130,"tombstone:magic_scroll":2,"tombstone:grave_key":6,"minecraft:cobblestone":30,"minecraft:potion":1,"minecraft:bucket":9,"alexsmobs:animal_dictionary":1,"minecraft:cobweb":1},"minecraft:dropped":{"minecraft:enchanted_book":5,"farmersdelight:iron_knife":2,"minecraft:wheat_seeds":2,"minecraft:cooked_beef":5,"minecraft:mossy_cobblestone":1,"minecraft:glass_bottle":3,"minecraft:diamond":6,"minecraft:crafting_table":1,"minecraft:iron_helmet":3,"minecraft:cobblestone":5,"minecraft:granite":5,"minecraft:chainmail_helmet":3,"minecraft:leather_helmet":1,"minecraft:golden_apple":1,"minecraft:stick":23,"mca:book_romance":1,"minecraft:wooden_axe":1,"tombstone:grave_dust":15,"minecraft:iron_leggings":1,"minecraft:iron_pickaxe":1,"minecraft:chainmail_leggings":1,"irons_spellbooks:frozen_bone":11,"minecraft:bone":8,"minecraft:cooked_chicken":1,"alexsmobs:animal_dictionary":1,"minecraft:cobbled_deepslate":1,"minecraft:wild_armor_trim_smithing_template":2,"minecraft:cocoa_beans":3,"minecraft:rotten_flesh":14,"minecraft:chainmail_chestplate":2,"minecraft:leather_chestplate":1,"minecraft:iron_chestplate":1,"minecraft:andesite":8,"minecraft:leather_boots":1,"minecraft:chainmail_boots":3,"minecraft:arrow":17,"minecraft:iron_bars":4,"wom:emerald_tasset":1,"minecraft:bow":2,"minecraft:stone_pickaxe":1,"minecraft:wooden_pickaxe":1,"minecraft:stone_brick_stairs":1,"epicfight:skillbook":2},"minecraft:picked_up":{"minecraft:cocoa_beans":3,"minecraft:crafting_table":10,"minecraft:iron_chestplate":1,"minecraft:chainmail_boots":3,"minecraft:wooden_pickaxe":1,"minecraft:enchanted_book":6,"minecraft:stone_brick_stairs":1,"minecraft:string":6,"irons_spellbooks:arcane_essence":2,"minecraft:cobbled_deepslate":1,"minecraft:beef":18,"minecraft:iron_pickaxe":1,"minecraft:furnace":2,"minecraft:raw_iron":24,"minecraft:stick":13,"epicfight:skillbook":2,"tombstone:grave_dust":13,"born_in_chaos_v1:pieceofdarkmetal":5,"tombstone:lollipop":1,"minecraft:arrow":17,"minecraft:rotten_flesh":31,"minecraft:nether_bricks":2,"alexsmobs:emu_egg":1,"minecraft:iron_bars":12,"minecraft:cobblestone":70,"minecraft:feather":2,"born_in_chaos_v1:corpse_maggot":10,"relics:roller_skates":1,"minecraft:leather_chestplate":1,"minecraft:andesite":8,"minecraft:leather":13,"minecraft:stripped_spruce_wood":3,"minecraft:oak_log":4,"minecraft:chainmail_chestplate":2,"minecraft:lapis_lazuli":23,"minecraft:dirt":4,"tombstone:gift":1,"minecraft:leather_boots":2,"minecraft:chipped_anvil":1,"minecraft:bone":13,"farmersdelight:iron_knife":1,"minecraft:bow":1,"minecraft:wheat_seeds":2,"minecraft:iron_ingot":9,"tombstone:bag_of_seeds":1,"minecraft:mossy_stone_bricks":1,"minecraft:glass_bottle":2,"minecraft:polished_andesite_slab":2,"minecraft:mossy_stone_brick_stairs":1,"minecraft:book":3,"irons_spellbooks:frozen_bone":11,"minecraft:spruce_sapling":2,"minecraft:leather_helmet":1,"minecraft:white_bed":6,"minecraft:spruce_log":6,"minecraft:spider_eye":2,"minecraft:mossy_cobblestone":4,"minecraft:oak_wood":2,"minecraft:bundle":1,"alexsmobs:raw_catfish":2,"minecraft:iron_helmet":2,"minecraft:granite":12,"minecraft:chainmail_helmet":2,"tombstone:magic_scroll":2,"minecraft:andesite_slab":1,"minecraft:coal":100},"minecraft:broken":{"wom:iron_greataxe":1,"minecraft:iron_boots":1,"minecraft:iron_chestplate":1,"minecraft:iron_helmet":1},"minecraft:mined":{"minecraft:spruce_planks":1,"minecraft:white_bed":6,"minecraft:mossy_cobblestone":4,"minecraft:granite":7,"minecraft:nether_bricks":2,"minecraft:grass_block":1,"minecraft:polished_andesite_slab":2,"minecraft:spruce_leaves":1,"minecraft:spawner":30,"minecraft:furnace":2,"minecraft:iron_ore":23,"minecraft:andesite":11,"minecraft:nether_brick_stairs":3,"minecraft:mossy_stone_brick_stairs":1,"minecraft:bookshelf":2,"minecraft:dirt_path":3,"minecraft:iron_bars":16,"minecraft:stone":73,"minecraft:crafting_table":9,"minecraft:oak_wood":2,"minecraft:andesite_slab":1,"minecraft:lapis_ore":4,"minecraft:black_stained_glass":2,"minecraft:stripped_spruce_wood":3,"minecraft:spruce_log":6,"minecraft:stone_brick_stairs":1,"minecraft:grass":2,"minecraft:oak_log":4,"minecraft:coal_ore":51,"minecraft:cobweb":5,"minecraft:cracked_stone_bricks":1,"minecraft:mossy_stone_bricks":3,"minecraft:chipped_anvil":1,"minecraft:oak_leaves":2,"minecraft:deepslate":3,"minecraft:fern":1},"minecraft:killed_by":{"born_in_chaos_v1:restless_spirit":1,"minecraft:wither_skeleton":2,"born_in_chaos_v1:nightmare_stalker":2,"minecraft:stray":1,"born_in_chaos_v1:zombie_bruiser":1,"born_in_chaos_v1:fallen_chaos_knight":1,"minecraft:skeleton":2,"minecraft:zombie":5,"mowziesmobs:umvuthana_raptor":1},"minecraft:custom":{"lootr:looted_stat":51,"minecraft:mob_kills":103,"minecraft:interact_with_crafting_table":34,"minecraft:damage_dealt_resisted":2064,"minecraft:eat_cake_slice":4,"minecraft:leave_game":2,"minecraft:time_since_death":309,"minecraft:climb_one_cm":1610,"minecraft:sprint_one_cm":309522,"minecraft:walk_one_cm":267603,"minecraft:drop":77,"minecraft:play_time":103596,"minecraft:deaths":17,"minecraft:sneak_time":2578,"minecraft:walk_under_water_one_cm":9135,"minecraft:jump":945,"minecraft:walk_on_water_one_cm":22219,"minecraft:total_world_time":103596,"minecraft:interact_with_furnace":22,"minecraft:sleep_in_bed":4,"minecraft:time_since_rest":82,"minecraft:damage_taken":8572,"minecraft:damage_absorbed":241,"minecraft:damage_dealt":18116,"minecraft:swim_one_cm":8855,"minecraft:fly_one_cm":224242,"minecraft:crouch_one_cm":7470,"tombstone:undead_killed":57,"minecraft:fall_one_cm":26173}},"DataVersion":3465}