{"stats":{"minecraft:killed_by":{"minecraft:wither_skeleton":1,"minecraft:pillager":2,"minecraft:vindicator":2,"born_in_chaos_v1:supreme_bonescaller_stage_2":1,"minecraft:vex":1,"minecraft:husk":21,"minecraft:player":1,"minecraft:stray":5,"stalwart_dungeons:giddy_blaze":6,"minecraft:skeleton":5,"alexsmobs:moose":1},"minecraft:dropped":{"minecraft:iron_sword":3,"minecraft:warped_fungus":3,"minecraft:glass_bottle":1,"minecraft:ender_pearl":6,"minecraft:diamond":12,"minecraft:crafting_table":2,"cataclysm:lionfish":1,"minecraft:warped_roots":42,"minecraft:leather":2,"minecraft:cracked_stone_bricks":1,"born_in_chaos_v1:pieceofdarkmetal":6,"minecraft:flint":5,"minecraft:emerald":4,"minecraft:stripped_dark_oak_wood":1,"irons_spellbooks:epic_ink":1,"minecraft:chain":1,"minecraft:fishing_rod":1,"epicfight:stray_robe":2,"minecraft:white_wool":1,"minecraft:cyan_carpet":7,"ef_weapon_extended:diamond_knuckles":3,"alexsmobs:animal_dictionary":1,"minecraft:nether_brick":4,"minecraft:black_carpet":3,"minecraft:obsidian":3,"minecraft:beetroot":11,"minecraft:rotten_flesh":47,"minecraft:chainmail_chestplate":1,"minecraft:skeleton_skull":1,"born_in_chaos_v1:corpse_maggot":1,"minecraft:painting":1,"minecraft:spruce_slab":6,"minecraft:iron_bars":12,"minecraft:beef":12,"born_in_chaos_v1:skullbreaker_hammer":1,"minecraft:netherrack":4,"minecraft:dead_tube_coral_block":7,"born_in_chaos_v1:shattered_skull":1,"minecraft:wheat_seeds":4,"minecraft:mossy_cobblestone":1,"minecraft:oak_fence":2,"minecraft:iron_helmet":3,"minecraft:book":14,"minecraft:spruce_stairs":1,"minecraft:coal":20,"tombstone:grave_key":1,"minecraft:wooden_axe":1,"minecraft:melon_slice":5,"minecraft:rose_bush":2,"born_in_chaos_v1:fused_bone":2,"tombstone:grave_dust":7,"minecraft:dead_bush":1,"minecraft:mossy_cobblestone_stairs":1,"minecraft:string":1,"irons_spellbooks:frozen_bone":19,"minecraft:bucket":3,"minecraft:gray_carpet":2,"minecraft:spruce_sapling":3,"born_in_chaos_v1:nightmare_scythe":1,"minecraft:bowl":2,"minecraft:iron_boots":2,"sophisticatedbackpacks:backpack":3,"born_in_chaos_v1:spiritual_dust":2,"wom:diamond_legtopseal":2,"minecraft:filled_map":2,"minecraft:cyan_wool":6,"minecraft:flower_pot":1,"minecraft:spruce_planks":5,"minecraft:bundle":2,"minecraft:iron_chestplate":1,"minecraft:spider_eye":1,"minecraft:stone_bricks":1,"minecraft:spruce_log":1,"minecraft:bow":3,"minecraft:dead_brain_coral_block":5,"minecraft:calcite":5},"minecraft:crafted":{"minecraft:oak_planks":24,"minecraft:iron_boots":1,"minecraft:chest":11,"minecraft:crafting_table":2,"minecraft:spruce_planks":88,"minecraft:wooden_pickaxe":1,"minecraft:iron_helmet":1,"minecraft:spruce_door":6,"minecraft:iron_chestplate":1,"minecraft:stick":36,"minecraft:dark_oak_sign":3,"minecraft:iron_axe":1,"minecraft:dark_oak_planks":92,"minecraft:crimson_planks":4,"minecraft:cyan_bed":1,"minecraft:bucket":1,"minecraft:wooden_axe":1,"ef_weapon_extended:diamond_knuckles":2,"minecraft:acacia_planks":8},"minecraft:broken":{"epicfight:stray_pants":1,"minecraft:iron_boots":1,"minecraft:iron_leggings":1,"minecraft:iron_helmet":1},"minecraft:killed":{"minecraft:cave_spider":5,"born_in_chaos_v1:zombie_lumberjack":2,"born_in_chaos_v1:door_knight_not_despawn":1,"born_in_chaos_v1:pumpkin_spirit":1,"minecraft:spider":15,"born_in_chaos_v1:siamese_skeletonsright":1,"born_in_chaos_v1:baby_skeleton_minion":3,"minecraft:skeleton":9,"born_in_chaos_v1:firelight_not_despawn":1,"born_in_chaos_v1:bone_imp":1,"stalwart_dungeons:giddy_blaze":2,"minecraft:pillager":4,"minecraft:zombie":8,"minecraft:stray":6,"minecraft:cow":4,"minecraft:vindicator":2,"born_in_chaos_v1:maggot":4,"stalwart_dungeons:nether_wart_cocoon":1,"minecraft:husk":17,"born_in_chaos_v1:bone_imp_minion":4,"born_in_chaos_v1:bonescaller_not_despawn":1},"minecraft:mined":{"minecraft:spruce_planks":1,"minecraft:red_nether_bricks":4,"minecraft:potted_dead_bush":1,"minecraft:grass_block":6,"minecraft:dead_tube_coral_block":7,"minecraft:spawner":34,"minecraft:weeping_vines_plant":1,"minecraft:mossy_cobblestone_stairs":2,"minecraft:fire":2,"minecraft:stripped_dark_oak_wood":1,"minecraft:nether_brick_stairs":12,"minecraft:iron_bars":9,"minecraft:spruce_slab":2,"minecraft:blast_furnace":3,"minecraft:calcite":7,"minecraft:melon":1,"minecraft:chest":1,"minecraft:nether_brick_slab":1,"minecraft:oak_planks":3,"minecraft:damaged_anvil":1,"minecraft:chain":1,"minecraft:cyan_wool":12,"minecraft:warped_nylium":1,"minecraft:stone_brick_stairs":2,"minecraft:grass":5,"minecraft:sand":10,"minecraft:dirt":4,"minecraft:netherrack":32,"minecraft:nether_gold_ore":10,"minecraft:mossy_cobblestone":3,"minecraft:dark_oak_log":23,"minecraft:spruce_fence":1,"minecraft:jungle_planks":7,"minecraft:weeping_vines":1,"minecraft:spruce_leaves":7,"minecraft:large_fern":8,"minecraft:acacia_wood":1,"minecraft:bookshelf":2,"minecraft:vine":1,"minecraft:packed_ice":6,"minecraft:stone":1,"minecraft:smithing_table":1,"minecraft:oak_slab":3,"minecraft:crafting_table":6,"minecraft:oak_wood":2,"minecraft:rose_bush":1,"minecraft:tall_grass":2,"minecraft:warped_wart_block":1,"minecraft:spruce_stairs":1,"minecraft:purple_bed":2,"minecraft:birch_planks":1,"minecraft:spruce_log":21,"minecraft:dead_brain_coral_block":5,"minecraft:cracked_stone_bricks":1,"minecraft:stone_bricks":1,"minecraft:mossy_stone_bricks":3,"minecraft:iron_trapdoor":1},"minecraft:used":{"minecraft:spruce_slab":1,"minecraft:chest":12,"minecraft:iron_sword":152,"tombstone:lollipop":4,"minecraft:carrot":12,"minecraft:obsidian":3,"minecraft:stone_brick_stairs":2,"minecraft:rabbit_stew":1,"epicfight:skillbook":2,"minecraft:spruce_door":4,"minecraft:dark_oak_sign":1,"minecraft:oak_planks":10,"minecraft:sand":10,"minecraft:blast_furnace":1,"minecraft:cyan_bed":1,"minecraft:bread":21,"tombstone:grave_key":12,"alexscaves:tripodfish":1,"minecraft:iron_bars":1,"minecraft:flint_and_steel":5,"minecraft:spruce_planks":44,"minecraft:netherrack":12,"minecraft:dirt":6,"minecraft:diamond_helmet":1,"minecraft:spruce_fence":1,"minecraft:mossy_cobblestone_stairs":1,"minecraft:wooden_axe":40,"minecraft:iron_axe":37,"minecraft:iron_boots":1,"born_in_chaos_v1:nightmare_scythe":178,"minecraft:crimson_planks":4,"tombstone:gift":6,"minecraft:beetroot_soup":1,"minecraft:calcite":2,"minecraft:water_bucket":58,"minecraft:red_nether_bricks":1,"minecraft:tnt":5,"minecraft:oak_slab":14,"minecraft:crafting_table":6,"born_in_chaos_v1:skullbreaker_hammer":3,"tombstone:tablet_of_assistance":3,"minecraft:iron_pickaxe":157,"tombstone:magic_scroll":46,"ef_weapon_extended:diamond_knuckles":63,"minecraft:fishing_rod":11,"minecraft:potion":1,"minecraft:purple_bed":2,"minecraft:bucket":58,"minecraft:pumpkin_pie":8},"minecraft:custom":{"lootr:looted_stat":71,"minecraft:interact_with_crafting_table":31,"minecraft:open_barrel":9,"minecraft:bell_ring":1,"minecraft:time_since_death":6185,"minecraft:damage_resisted":3501,"minecraft:sprint_one_cm":387919,"minecraft:drop":126,"tombstone:eaten_lollipop":4,"minecraft:talked_to_villager":3,"minecraft:play_time":179432,"minecraft:deaths":49,"minecraft:jump":1633,"minecraft:walk_on_water_one_cm":58607,"minecraft:sleep_in_bed":4,"minecraft:damage_dealt":20815,"minecraft:crouch_one_cm":11105,"tombstone:undead_killed":53,"minecraft:mob_kills":111,"minecraft:damage_dealt_resisted":2013,"minecraft:climb_one_cm":7695,"minecraft:walk_one_cm":653156,"minecraft:damage_dealt_absorbed":18,"minecraft:sneak_time":4118,"minecraft:walk_under_water_one_cm":21960,"minecraft:interact_with_lectern":1,"minecraft:interact_with_blast_furnace":4,"minecraft:total_world_time":179432,"minecraft:time_since_rest":5968,"minecraft:damage_taken":17886,"minecraft:damage_absorbed":160,"minecraft:swim_one_cm":3366,"minecraft:fly_one_cm":252908,"minecraft:open_chest":16,"minecraft:fall_one_cm":47718},"minecraft:picked_up":{"minecraft:iron_chestplate":1,"minecraft:black_carpet":3,"minecraft:iron_trapdoor":1,"minecraft:flower_pot":3,"minecraft:smithing_table":1,"minecraft:nether_brick":4,"minecraft:stone_brick_stairs":2,"tombstone:grave_key":1,"minecraft:string":27,"minecraft:dead_tube_coral_block":7,"minecraft:red_nether_bricks":2,"minecraft:gold_nugget":38,"minecraft:bucket":4,"minecraft:spruce_planks":2,"minecraft:rose_bush":2,"minecraft:calcite":5,"minecraft:melon_slice":5,"minecraft:iron_boots":2,"minecraft:tipped_arrow":2,"minecraft:golden_helmet":2,"born_in_chaos_v1:shattered_skull":3,"minecraft:acacia_log":2,"minecraft:spruce_stairs":1,"epicfight:skillbook":2,"tombstone:grave_dust":29,"tombstone:lollipop":6,"minecraft:rotten_flesh":57,"minecraft:carved_pumpkin":1,"minecraft:blaze_rod":4,"epicfight:stray_robe":3,"minecraft:obsidian":3,"minecraft:iron_bars":16,"minecraft:cobblestone":2,"born_in_chaos_v1:spiritual_dust":4,"minecraft:dirt":8,"minecraft:bone":72,"minecraft:bow":5,"minecraft:wheat_seeds":7,"born_in_chaos_v1:skullbreaker_hammer":1,"minecraft:oak_planks":2,"irons_spellbooks:frozen_bone":54,"minecraft:jungle_planks":7,"minecraft:sand":10,"minecraft:nether_brick_stairs":11,"minecraft:dead_bush":1,"minecraft:dark_oak_log":23,"alexsmobs:animal_dictionary":1,"minecraft:mossy_cobblestone":2,"ef_weapon_extended:diamond_knuckles":1,"cataclysm:lionfish":2,"minecraft:bundle":6,"born_in_chaos_v1:fire_dust":1,"minecraft:diamond":10,"born_in_chaos_v1:nightmare_scythe":1,"minecraft:dead_brain_coral_block":10,"minecraft:golden_apple":1,"minecraft:emerald":5,"minecraft:netherrack":30,"minecraft:crimson_roots":1,"minecraft:fishing_rod":2,"sophisticatedbackpacks:gold_backpack":1,"minecraft:crafting_table":8,"minecraft:rabbit_stew":1,"minecraft:chain":2,"epicfight:stray_pants":2,"epicfight:stray_hat":1,"minecraft:cyan_carpet":9,"minecraft:cracked_stone_bricks":1,"minecraft:beef":12,"minecraft:cyan_wool":11,"irons_spellbooks:epic_ink":1,"minecraft:spruce_slab":2,"minecraft:chest":1,"minecraft:spruce_fence":1,"sophisticatedbackpacks:backpack":3,"born_in_chaos_v1:pieceofdarkmetal":10,"minecraft:arrow":40,"minecraft:weeping_vines":1,"minecraft:hay_block":1,"minecraft:saddle":1,"minecraft:white_wool":1,"born_in_chaos_v1:fused_bone":2,"born_in_chaos_v1:corpse_maggot":5,"minecraft:leather":5,"minecraft:acacia_wood":1,"minecraft:birch_planks":1,"minecraft:filled_map":2,"minecraft:crimson_fungus":1,"minecraft:chainmail_chestplate":2,"minecraft:paper":36,"tombstone:gift":1,"minecraft:gray_carpet":6,"minecraft:stone_bricks":1,"minecraft:iron_ingot":3,"tombstone:bag_of_seeds":1,"minecraft:iron_sword":2,"minecraft:book":20,"minecraft:oak_slab":13,"minecraft:warped_fungus":5,"minecraft:sweet_berries":3,"born_in_chaos_v1:orbofthe_summoner":1,"born_in_chaos_v1:ethereal_spirit":1,"minecraft:spruce_sapling":3,"minecraft:blast_furnace":2,"minecraft:spruce_log":24,"minecraft:nether_brick_slab":1,"minecraft:spider_eye":8,"minecraft:oak_wood":2,"minecraft:purple_bed":2,"wom:diamond_legtopseal":3,"minecraft:chainmail_leggings":1,"minecraft:iron_helmet":2,"minecraft:diamond_axe":1,"minecraft:mossy_cobblestone_stairs":2,"minecraft:warped_roots":30,"tombstone:magic_scroll":3,"minecraft:damaged_anvil":1,"minecraft:coal":22,"minecraft:ender_pearl":6}},"DataVersion":3465}