{"stats":{"minecraft:crafted":{"minecraft:crafting_table":1,"minecraft:spruce_planks":36,"minecraft:wooden_pickaxe":1,"minecraft:furnace":1,"minecraft:bucket":1,"minecraft:air":0,"minecraft:iron_chestplate":1,"wom:iron_greataxe":1,"minecraft:iron_axe":1,"minecraft:stick":44,"born_in_chaos_v1:fried_maggot":6,"minecraft:stone_pickaxe":1,"minecraft:iron_ingot":22,"minecraft:iron_pickaxe":1,"minecraft:wooden_axe":1,"minecraft:iron_leggings":1},"minecraft:killed":{"minecraft:cave_spider":4,"minecraft:spider":1,"minecraft:iron_golem":1,"born_in_chaos_v1:maggot":17,"born_in_chaos_v1:decrepit_skeleton":1,"minecraft:skeleton":4,"alexsmobs:catfish":1,"minecraft:zombie":27,"born_in_chaos_v1:corpse_fly":2,"minecraft:stray":8,"minecraft:wither_skeleton":3},"minecraft:used":{"minecraft:mossy_stone_bricks":1,"minecraft:water_bucket":4,"epicfight:skillbook":7,"minecraft:iron_bars":2,"minecraft:stone_pickaxe":20,"minecraft:spruce_planks":4,"minecraft:wooden_pickaxe":4,"minecraft:mossy_stone_brick_stairs":1,"born_in_chaos_v1:fried_maggot":6,"minecraft:rotten_flesh":1,"minecraft:golden_apple":5,"minecraft:mossy_cobblestone":1,"minecraft:dirt":3,"minecraft:crafting_table":5,"minecraft:white_bed":6,"wom:iron_greataxe":203,"minecraft:wooden_axe":12,"minecraft:diamond_pickaxe":6,"minecraft:melon_slice":4,"minecraft:iron_pickaxe":130,"tombstone:magic_scroll":2,"tombstone:grave_key":1,"minecraft:potion":1,"minecraft:cobblestone":3,"minecraft:furnace":3,"minecraft:bucket":5,"tombstone:gift":6,"alexsmobs:animal_dictionary":1,"minecraft:cooked_beef":1,"minecraft:iron_leggings":1},"minecraft:dropped":{"minecraft:wheat_seeds":2,"minecraft:cooked_chicken":1,"alexsmobs:animal_dictionary":1,"minecraft:wild_armor_trim_smithing_template":2,"minecraft:mossy_cobblestone":1,"minecraft:glass_bottle":3,"minecraft:iron_helmet":3,"minecraft:rotten_flesh":14,"minecraft:chainmail_helmet":3,"minecraft:leather_helmet":1,"minecraft:chainmail_chestplate":2,"minecraft:stick":15,"minecraft:leather_chestplate":1,"mca:book_romance":1,"minecraft:iron_chestplate":1,"minecraft:wooden_axe":1,"minecraft:leather_boots":1,"minecraft:chainmail_boots":3,"tombstone:grave_dust":1,"minecraft:iron_leggings":1,"minecraft:iron_bars":4,"minecraft:bow":1,"wom:emerald_tasset":1,"minecraft:stone_pickaxe":1,"minecraft:wooden_pickaxe":1,"minecraft:iron_pickaxe":1,"minecraft:chainmail_leggings":1,"minecraft:stone_brick_stairs":1,"irons_spellbooks:frozen_bone":11,"minecraft:bone":2},"minecraft:picked_up":{"minecraft:iron_chestplate":1,"born_in_chaos_v1:corpse_maggot":8,"minecraft:crafting_table":4,"minecraft:leather_chestplate":1,"minecraft:chainmail_boots":3,"minecraft:wooden_pickaxe":1,"minecraft:stone_brick_stairs":1,"minecraft:stripped_spruce_wood":3,"minecraft:chainmail_chestplate":2,"minecraft:dirt":4,"minecraft:string":1,"minecraft:leather_boots":2,"minecraft:bone":13,"minecraft:bow":1,"minecraft:wheat_seeds":2,"minecraft:iron_ingot":7,"tombstone:bag_of_seeds":1,"minecraft:mossy_stone_bricks":1,"minecraft:iron_pickaxe":1,"minecraft:glass_bottle":2,"irons_spellbooks:frozen_bone":11,"minecraft:mossy_stone_brick_stairs":1,"minecraft:furnace":2,"minecraft:book":3,"minecraft:stick":5,"minecraft:raw_iron":24,"epicfight:skillbook":1,"minecraft:mossy_cobblestone":2,"minecraft:spruce_sapling":2,"tombstone:grave_dust":12,"minecraft:white_bed":6,"minecraft:spruce_log":6,"minecraft:spider_eye":1,"minecraft:leather_helmet":1,"alexsmobs:raw_catfish":2,"minecraft:arrow":17,"minecraft:rotten_flesh":31,"minecraft:iron_helmet":2,"minecraft:chainmail_helmet":2,"tombstone:magic_scroll":2,"minecraft:iron_bars":12,"minecraft:coal":100,"minecraft:cobblestone":28},"minecraft:broken":{"minecraft:iron_helmet":1,"minecraft:iron_chestplate":1},"minecraft:mined":{"minecraft:spruce_planks":1,"minecraft:white_bed":6,"minecraft:mossy_cobblestone":2,"minecraft:crafting_table":4,"minecraft:grass_block":1,"minecraft:spruce_leaves":1,"minecraft:spawner":28,"minecraft:black_stained_glass":2,"minecraft:furnace":2,"minecraft:stripped_spruce_wood":3,"minecraft:iron_ore":23,"minecraft:nether_brick_stairs":3,"minecraft:stone_brick_stairs":1,"minecraft:spruce_log":6,"minecraft:mossy_stone_brick_stairs":1,"minecraft:grass":1,"minecraft:bookshelf":2,"minecraft:coal_ore":51,"minecraft:dirt_path":3,"minecraft:iron_bars":14,"minecraft:cracked_stone_bricks":1,"minecraft:stone":28,"minecraft:mossy_stone_bricks":2,"minecraft:oak_leaves":1},"minecraft:killed_by":{"born_in_chaos_v1:restless_spirit":1,"minecraft:wither_skeleton":2,"minecraft:skeleton":2,"minecraft:stray":1,"minecraft:zombie":5,"born_in_chaos_v1:zombie_bruiser":1},"minecraft:custom":{"minecraft:interact_with_furnace":18,"lootr:looted_stat":48,"minecraft:mob_kills":73,"minecraft:interact_with_crafting_table":15,"minecraft:damage_dealt_resisted":1048,"minecraft:eat_cake_slice":4,"minecraft:leave_game":2,"minecraft:time_since_death":4244,"minecraft:sleep_in_bed":3,"minecraft:climb_one_cm":1076,"minecraft:time_since_rest":3965,"minecraft:sprint_one_cm":156339,"minecraft:damage_absorbed":161,"minecraft:damage_taken":6154,"minecraft:walk_one_cm":156967,"minecraft:drop":43,"minecraft:damage_dealt":12484,"minecraft:swim_one_cm":3764,"minecraft:fly_one_cm":88619,"minecraft:crouch_one_cm":7284,"minecraft:play_time":61596,"tombstone:undead_killed":43,"minecraft:deaths":13,"minecraft:sneak_time":2433,"minecraft:walk_under_water_one_cm":5521,"minecraft:jump":335,"minecraft:walk_on_water_one_cm":15827,"minecraft:total_world_time":61596,"minecraft:fall_one_cm":6186}},"DataVersion":3465}