{"stats":{"minecraft:killed_by":{"minecraft:husk":19,"minecraft:player":1,"minecraft:stray":1,"minecraft:pillager":2,"stalwart_dungeons:giddy_blaze":6,"minecraft:vindicator":2,"minecraft:skeleton":4,"born_in_chaos_v1:supreme_bonescaller_stage_2":1,"alexsmobs:moose":1,"minecraft:vex":1},"minecraft:dropped":{"minecraft:iron_sword":2,"minecraft:wheat_seeds":2,"minecraft:glass_bottle":1,"minecraft:diamond":2,"minecraft:oak_fence":2,"minecraft:warped_roots":42,"minecraft:leather":1,"minecraft:spruce_stairs":1,"minecraft:coal":7,"minecraft:emerald":4,"minecraft:flint":5,"tombstone:grave_key":1,"minecraft:wooden_axe":1,"minecraft:rose_bush":2,"minecraft:melon_slice":5,"minecraft:stripped_dark_oak_wood":1,"minecraft:mossy_cobblestone_stairs":1,"minecraft:bucket":3,"minecraft:gray_carpet":2,"minecraft:spruce_sapling":2,"minecraft:cyan_carpet":7,"ef_weapon_extended:diamond_knuckles":1,"minecraft:bowl":1,"minecraft:black_carpet":3,"minecraft:nether_brick":4,"minecraft:obsidian":3,"minecraft:beetroot":11,"minecraft:rotten_flesh":20,"sophisticatedbackpacks:backpack":3,"wom:diamond_legtopseal":1,"minecraft:chainmail_chestplate":1,"minecraft:filled_map":1,"minecraft:cyan_wool":6,"minecraft:bundle":1,"minecraft:spruce_planks":5,"minecraft:skeleton_skull":1,"born_in_chaos_v1:corpse_maggot":1,"minecraft:spruce_log":1,"minecraft:painting":1,"minecraft:spruce_slab":6,"minecraft:bow":2,"minecraft:beef":5,"minecraft:netherrack":4},"minecraft:crafted":{"minecraft:oak_planks":24,"minecraft:crimson_planks":4,"minecraft:crafting_table":1,"minecraft:spruce_planks":36,"minecraft:wooden_pickaxe":1,"minecraft:cyan_bed":1,"minecraft:iron_helmet":1,"minecraft:iron_chestplate":1,"minecraft:stick":24,"minecraft:wooden_axe":1,"ef_weapon_extended:diamond_knuckles":2,"minecraft:acacia_planks":8},"minecraft:broken":{"minecraft:iron_helmet":1},"minecraft:killed":{"minecraft:cave_spider":3,"born_in_chaos_v1:zombie_lumberjack":2,"born_in_chaos_v1:door_knight_not_despawn":1,"minecraft:spider":5,"minecraft:vindicator":2,"born_in_chaos_v1:baby_skeleton_minion":3,"born_in_chaos_v1:maggot":3,"minecraft:skeleton":5,"stalwart_dungeons:nether_wart_cocoon":1,"minecraft:husk":13,"born_in_chaos_v1:bone_imp_minion":4,"born_in_chaos_v1:bone_imp":1,"stalwart_dungeons:giddy_blaze":2,"minecraft:pillager":4,"minecraft:zombie":1,"born_in_chaos_v1:bonescaller_not_despawn":1,"minecraft:stray":5,"minecraft:cow":4},"minecraft:mined":{"minecraft:nether_gold_ore":10,"minecraft:spruce_planks":1,"minecraft:red_nether_bricks":4,"minecraft:spruce_fence":1,"minecraft:jungle_planks":7,"minecraft:spruce_leaves":7,"minecraft:spawner":5,"minecraft:large_fern":8,"minecraft:mossy_cobblestone_stairs":1,"minecraft:fire":2,"minecraft:acacia_wood":1,"minecraft:stripped_dark_oak_wood":1,"minecraft:bookshelf":2,"minecraft:packed_ice":6,"minecraft:stone":1,"minecraft:spruce_slab":2,"minecraft:smithing_table":1,"minecraft:oak_slab":3,"minecraft:crafting_table":6,"minecraft:blast_furnace":3,"minecraft:oak_wood":2,"minecraft:calcite":2,"minecraft:melon":1,"minecraft:rose_bush":1,"minecraft:oak_planks":3,"minecraft:damaged_anvil":1,"minecraft:warped_wart_block":1,"minecraft:spruce_stairs":1,"minecraft:birch_planks":1,"minecraft:cyan_wool":12,"minecraft:chain":1,"minecraft:purple_bed":2,"minecraft:warped_nylium":1,"minecraft:spruce_log":8,"minecraft:grass":1,"minecraft:sand":10,"minecraft:dirt":4,"minecraft:netherrack":32,"minecraft:iron_trapdoor":1},"minecraft:used":{"minecraft:flint_and_steel":5,"minecraft:spruce_slab":1,"minecraft:spruce_planks":21,"minecraft:iron_sword":152,"tombstone:lollipop":2,"minecraft:netherrack":12,"minecraft:dirt":3,"minecraft:carrot":2,"minecraft:spruce_fence":1,"minecraft:obsidian":3,"minecraft:wooden_axe":40,"born_in_chaos_v1:nightmare_scythe":10,"minecraft:crimson_planks":4,"tombstone:gift":5,"minecraft:beetroot_soup":1,"minecraft:calcite":2,"minecraft:water_bucket":34,"epicfight:skillbook":2,"minecraft:red_nether_bricks":1,"minecraft:oak_planks":10,"minecraft:sand":10,"minecraft:oak_slab":14,"minecraft:tnt":5,"minecraft:crafting_table":4,"minecraft:blast_furnace":1,"minecraft:iron_pickaxe":74,"tombstone:tablet_of_assistance":3,"minecraft:bread":18,"minecraft:cyan_bed":1,"tombstone:grave_key":12,"ef_weapon_extended:diamond_knuckles":63,"minecraft:fishing_rod":11,"alexscaves:tripodfish":1,"minecraft:potion":1,"minecraft:purple_bed":1,"minecraft:bucket":34,"minecraft:pumpkin_pie":4},"minecraft:custom":{"lootr:looted_stat":40,"minecraft:mob_kills":66,"minecraft:interact_with_crafting_table":18,"minecraft:open_barrel":6,"minecraft:bell_ring":1,"minecraft:damage_dealt_resisted":2013,"minecraft:time_since_death":7543,"minecraft:climb_one_cm":4634,"minecraft:damage_resisted":1176,"minecraft:sprint_one_cm":238209,"minecraft:walk_one_cm":371433,"minecraft:drop":64,"tombstone:eaten_lollipop":2,"minecraft:damage_dealt_absorbed":18,"minecraft:talked_to_villager":3,"minecraft:play_time":119432,"minecraft:deaths":41,"minecraft:sneak_time":2723,"minecraft:walk_under_water_one_cm":14405,"minecraft:interact_with_lectern":1,"minecraft:jump":1239,"minecraft:interact_with_blast_furnace":4,"minecraft:walk_on_water_one_cm":50897,"minecraft:total_world_time":119432,"minecraft:sleep_in_bed":4,"minecraft:time_since_rest":7178,"minecraft:damage_taken":12696,"minecraft:damage_absorbed":160,"minecraft:damage_dealt":12361,"minecraft:swim_one_cm":3366,"minecraft:fly_one_cm":201209,"minecraft:open_chest":6,"minecraft:crouch_one_cm":6297,"tombstone:undead_killed":36,"minecraft:fall_one_cm":32156},"minecraft:picked_up":{"sophisticatedbackpacks:gold_backpack":1,"minecraft:fishing_rod":1,"minecraft:crafting_table":6,"minecraft:black_carpet":3,"minecraft:iron_trapdoor":1,"minecraft:flower_pot":1,"minecraft:smithing_table":1,"minecraft:nether_brick":4,"tombstone:grave_key":1,"minecraft:chain":1,"epicfight:stray_pants":1,"minecraft:string":6,"minecraft:red_nether_bricks":2,"minecraft:cyan_carpet":9,"minecraft:gold_nugget":38,"minecraft:bucket":4,"minecraft:spruce_planks":2,"minecraft:beef":5,"minecraft:rose_bush":2,"minecraft:cyan_wool":11,"minecraft:spruce_slab":2,"minecraft:melon_slice":5,"minecraft:tipped_arrow":2,"born_in_chaos_v1:shattered_skull":1,"minecraft:acacia_log":2,"minecraft:spruce_stairs":1,"sophisticatedbackpacks:backpack":3,"minecraft:spruce_fence":1,"epicfight:skillbook":2,"tombstone:grave_dust":11,"tombstone:lollipop":3,"minecraft:arrow":10,"minecraft:rotten_flesh":25,"minecraft:saddle":1,"epicfight:stray_robe":1,"minecraft:blaze_rod":4,"minecraft:obsidian":3,"minecraft:cobblestone":2,"born_in_chaos_v1:corpse_maggot":1,"born_in_chaos_v1:spiritual_dust":2,"minecraft:leather":2,"minecraft:acacia_wood":1,"minecraft:filled_map":1,"minecraft:birch_planks":1,"minecraft:crimson_fungus":1,"minecraft:chainmail_chestplate":1,"minecraft:dirt":4,"minecraft:paper":36,"tombstone:gift":1,"minecraft:bone":19,"minecraft:gray_carpet":6,"minecraft:bow":4,"minecraft:wheat_seeds":4,"minecraft:iron_ingot":2,"minecraft:iron_sword":1,"minecraft:oak_planks":2,"minecraft:book":6,"minecraft:oak_slab":13,"minecraft:warped_fungus":2,"irons_spellbooks:frozen_bone":18,"born_in_chaos_v1:orbofthe_summoner":1,"minecraft:sand":10,"minecraft:jungle_planks":7,"minecraft:spruce_sapling":2,"minecraft:blast_furnace":2,"minecraft:spruce_log":11,"minecraft:spider_eye":5,"ef_weapon_extended:diamond_knuckles":1,"minecraft:bundle":3,"cataclysm:lionfish":1,"minecraft:oak_wood":2,"minecraft:purple_bed":2,"wom:diamond_legtopseal":2,"minecraft:mossy_cobblestone_stairs":1,"minecraft:emerald":5,"minecraft:warped_roots":30,"tombstone:magic_scroll":1,"minecraft:damaged_anvil":1,"minecraft:netherrack":30,"minecraft:coal":9,"minecraft:crimson_roots":1}},"DataVersion":3465}