{"stats":{"minecraft:killed_by":{"born_in_chaos_v1:restless_spirit":1,"minecraft:skeleton":2,"minecraft:zombie":3},"minecraft:picked_up":{"born_in_chaos_v1:corpse_maggot":8,"minecraft:leather_chestplate":1,"minecraft:crafting_table":4,"minecraft:chainmail_boots":3,"minecraft:wooden_pickaxe":1,"minecraft:stripped_spruce_wood":3,"minecraft:chainmail_chestplate":2,"minecraft:string":1,"minecraft:dirt":4,"minecraft:leather_boots":2,"minecraft:bone":5,"minecraft:bow":1,"minecraft:wheat_seeds":2,"minecraft:iron_ingot":7,"minecraft:glass_bottle":2,"minecraft:furnace":2,"minecraft:book":3,"minecraft:raw_iron":24,"minecraft:stick":5,"epicfight:skillbook":1,"minecraft:spruce_sapling":2,"tombstone:grave_dust":12,"minecraft:white_bed":6,"minecraft:spruce_log":6,"minecraft:spider_eye":1,"minecraft:leather_helmet":1,"alexsmobs:raw_catfish":2,"minecraft:arrow":5,"minecraft:rotten_flesh":29,"minecraft:chainmail_helmet":2,"tombstone:magic_scroll":2,"minecraft:coal":99,"minecraft:iron_bars":4,"minecraft:cobblestone":28},"minecraft:dropped":{"minecraft:wheat_seeds":2,"alexsmobs:animal_dictionary":1,"minecraft:glass_bottle":3,"minecraft:chainmail_helmet":3,"minecraft:leather_helmet":1,"minecraft:chainmail_chestplate":2,"minecraft:stick":15,"minecraft:leather_chestplate":1,"mca:book_romance":1,"minecraft:wooden_axe":1,"minecraft:leather_boots":1,"minecraft:chainmail_boots":3,"tombstone:grave_dust":1,"minecraft:iron_bars":4,"minecraft:stone_pickaxe":1,"minecraft:wooden_pickaxe":1,"minecraft:chainmail_leggings":1},"minecraft:custom":{"lootr:looted_stat":20,"minecraft:interact_with_furnace":18,"minecraft:mob_kills":48,"minecraft:interact_with_crafting_table":15,"minecraft:damage_dealt_resisted":700,"minecraft:eat_cake_slice":4,"minecraft:leave_game":2,"minecraft:time_since_death":6657,"minecraft:sleep_in_bed":3,"minecraft:time_since_rest":6494,"minecraft:sprint_one_cm":71728,"minecraft:damage_taken":2587,"minecraft:walk_one_cm":108043,"minecraft:drop":27,"minecraft:damage_dealt":8004,"minecraft:swim_one_cm":3764,"minecraft:fly_one_cm":79380,"minecraft:crouch_one_cm":6925,"minecraft:play_time":44617,"tombstone:undead_killed":27,"minecraft:deaths":7,"minecraft:sneak_time":2298,"minecraft:walk_under_water_one_cm":5341,"minecraft:jump":264,"minecraft:walk_on_water_one_cm":10659,"minecraft:total_world_time":44617,"minecraft:fall_one_cm":4300},"minecraft:killed":{"minecraft:spider":1,"minecraft:iron_golem":1,"born_in_chaos_v1:decrepit_skeleton":1,"born_in_chaos_v1:maggot":14,"minecraft:skeleton":3,"alexsmobs:catfish":1,"minecraft:zombie":23,"born_in_chaos_v1:corpse_fly":2},"minecraft:mined":{"minecraft:spruce_planks":1,"minecraft:white_bed":6,"minecraft:crafting_table":4,"minecraft:grass_block":1,"minecraft:spruce_leaves":1,"minecraft:spawner":9,"minecraft:black_stained_glass":2,"minecraft:furnace":2,"minecraft:stripped_spruce_wood":3,"minecraft:iron_ore":23,"minecraft:spruce_log":6,"minecraft:grass":1,"minecraft:bookshelf":2,"minecraft:coal_ore":51,"minecraft:dirt_path":3,"minecraft:iron_bars":4,"minecraft:stone":28,"minecraft:oak_leaves":1},"minecraft:used":{"epicfight:skillbook":6,"minecraft:water_bucket":2,"minecraft:stone_pickaxe":20,"minecraft:spruce_planks":4,"minecraft:wooden_pickaxe":4,"born_in_chaos_v1:fried_maggot":6,"minecraft:rotten_flesh":1,"minecraft:dirt":3,"minecraft:crafting_table":4,"minecraft:white_bed":6,"wom:iron_greataxe":129,"minecraft:wooden_axe":12,"minecraft:melon_slice":2,"minecraft:iron_pickaxe":97,"tombstone:magic_scroll":2,"tombstone:grave_key":1,"minecraft:potion":1,"minecraft:cobblestone":3,"minecraft:furnace":2,"minecraft:bucket":3,"tombstone:gift":6,"alexsmobs:animal_dictionary":1,"minecraft:cooked_beef":1,"minecraft:iron_leggings":1},"minecraft:crafted":{"minecraft:crafting_table":1,"minecraft:spruce_planks":36,"minecraft:wooden_pickaxe":1,"minecraft:furnace":1,"minecraft:bucket":1,"minecraft:air":0,"minecraft:iron_chestplate":1,"born_in_chaos_v1:fried_maggot":6,"minecraft:iron_axe":1,"wom:iron_greataxe":1,"minecraft:stick":44,"minecraft:iron_ingot":22,"minecraft:iron_pickaxe":1,"minecraft:stone_pickaxe":1,"minecraft:wooden_axe":1,"minecraft:iron_leggings":1}},"DataVersion":3465}