{"stats":{"minecraft:broken":{"epicfight:stray_pants":1,"minecraft:diamond_helmet":1,"minecraft:iron_boots":1,"minecraft:iron_leggings":1,"minecraft:iron_hoe":1,"minecraft:iron_helmet":3,"minecraft:iron_shovel":1,"minecraft:diamond_boots":1},"minecraft:dropped":{"minecraft:iron_sword":3,"minecraft:acacia_wood":2,"alexsmobs:shark_tooth_arrow":1,"minecraft:porkchop":4,"minecraft:lapis_lazuli":6,"minecraft:glass_bottle":1,"minecraft:diamond":12,"minecraft:crafting_table":2,"minecraft:pitcher_pod":3,"minecraft:crossbow":1,"minecraft:weeping_vines":3,"minecraft:glow_berries":1,"minecraft:warped_roots":42,"minecraft:mossy_stone_brick_stairs":1,"minecraft:cracked_stone_bricks":2,"born_in_chaos_v1:pieceofdarkmetal":10,"irons_spellbooks:tarnished_helmet":1,"minecraft:red_carpet":3,"minecraft:item_frame":2,"minecraft:emerald":63,"minecraft:dirt":39,"minecraft:grass":1,"minecraft:stripped_dark_oak_wood":1,"irons_spellbooks:epic_ink":1,"minecraft:chain":6,"minecraft:gold_nugget":38,"minecraft:dark_oak_planks":1,"minecraft:fishing_rod":2,"alexsmobs:raccoon_tail":2,"minecraft:white_wool":4,"minecraft:mangrove_slab":2,"minecraft:cyan_carpet":14,"minecraft:bone":13,"ef_weapon_extended:diamond_knuckles":3,"minecraft:stone_axe":1,"minecraft:golden_chestplate":2,"alexsmobs:animal_dictionary":1,"minecraft:cobbled_deepslate":25,"minecraft:black_carpet":3,"minecraft:nether_brick":4,"alexscaves:cave_tablet":6,"minecraft:wheat":31,"minecraft:obsidian":3,"minecraft:rotten_flesh":160,"minecraft:oak_planks":3,"minecraft:nether_brick_fence":2,"minecraft:mangrove_fence":1,"minecraft:tipped_arrow":1,"minecraft:leather_boots":1,"minecraft:painting":1,"minecraft:spruce_slab":11,"minecraft:beef":14,"born_in_chaos_v1:marigolds":4,"minecraft:dead_tube_coral_block":7,"minecraft:egg":1,"farmersdelight:tomato_seeds":6,"minecraft:enchanted_book":1,"minecraft:golden_boots":2,"minecraft:iron_ingot":8,"born_in_chaos_v1:intoxicating_decoction":2,"irons_spellbooks:divine_pearl":2,"born_in_chaos_v1:shattered_skull":2,"minecraft:wheat_seeds":12,"minecraft:tnt":3,"minecraft:book":14,"minecraft:oak_fence":2,"minecraft:iron_helmet":5,"minecraft:cobblestone":55,"relics:midnight_robe":1,"epicfight:stone_spear":1,"born_in_chaos_v1:soul_cutlass":1,"minecraft:chainmail_helmet":3,"minecraft:coal":32,"minecraft:coal_block":2,"born_in_chaos_v1:gnawed_bones":1,"born_in_chaos_v1:black_argillite":18,"minecraft:iron_trapdoor":1,"minecraft:golden_carrot":12,"biomancy:mob_sinew":13,"minecraft:wooden_axe":1,"minecraft:rose_bush":2,"minecraft:diamond_helmet":2,"minecraft:potion":1,"minecraft:dead_bush":1,"minecraft:pumpkin":1,"minecraft:mossy_cobblestone_stairs":1,"minecraft:paper":56,"minecraft:string":50,"minecraft:gray_carpet":2,"minecraft:spruce_sapling":12,"born_in_chaos_v1:nightmare_scythe":2,"minecraft:bowl":3,"irons_spellbooks:uncommon_ink":5,"born_in_chaos_v1:rotten_fish":1,"minecraft:chicken":1,"minecraft:polished_deepslate_slab":2,"minecraft:iron_boots":5,"sophisticatedbackpacks:backpack":3,"minecraft:name_tag":1,"minecraft:nether_bricks":8,"minecraft:torchflower_seeds":4,"minecraft:pumpkin_seeds":42,"alexscaves:cooked_tripodfish":1,"minecraft:potato":1,"minecraft:cyan_wool":6,"minecraft:flower_pot":2,"alexscaves:cooked_radgill":1,"minecraft:spruce_planks":7,"minecraft:bundle":6,"minecraft:spider_eye":3,"minecraft:stone_bricks":1,"born_in_chaos_v1:charmof_resistance":1,"minecraft:bow":6,"biomancy:withered_mob_marrow":64,"epicfight:skillbook":20,"minecraft:nether_brick_stairs":7,"minecraft:brown_mushroom":3,"minecraft:birch_planks":1,"minecraft:warped_fungus":7,"minecraft:oak_log":2,"minecraft:ender_pearl":18,"cataclysm:lionfish":1,"minecraft:leather":2,"minecraft:jungle_planks":2,"born_in_chaos_v1:pileof_dark_metal":3,"minecraft:cobblestone_stairs":1,"minecraft:cod":6,"minecraft:flint":5,"tombstone:bag_of_seeds":2,"born_in_chaos_v1:monster_skin":1,"minecraft:crimson_roots":1,"minecraft:seagrass":3,"tombstone:scroll_of_frost_resistance":1,"epicfight:stray_robe":5,"minecraft:gold_ingot":71,"born_in_chaos_v1:ethereal_spirit":3,"minecraft:beetroot":11,"minecraft:fern":1,"minecraft:mossy_stone_brick_slab":1,"relics:space_dissector":1,"minecraft:mangrove_sign":2,"minecraft:chainmail_chestplate":1,"minecraft:poppy":1,"born_in_chaos_v1:seedof_chaos":5,"minecraft:gunpowder":1,"minecraft:skeleton_skull":1,"minecraft:beetroot_seeds":8,"minecraft:melon_seeds":1,"born_in_chaos_v1:corpse_maggot":9,"minecraft:iron_ore":9,"minecraft:iron_bars":31,"minecraft:arrow":54,"born_in_chaos_v1:skullbreaker_hammer":1,"minecraft:netherrack":28,"minecraft:water_bucket":1,"minecraft:bread":34,"minecraft:mossy_cobblestone":7,"mowziesmobs:foliaath_seed":2,"biomancy:toxin_gland":3,"born_in_chaos_v1:orbofthe_summoner":1,"minecraft:copper_ingot":2,"minecraft:tropical_fish":1,"minecraft:spruce_stairs":3,"minecraft:stick":4,"irons_spellbooks:scroll":2,"born_in_chaos_v1:pumpkin_staff":2,"minecraft:diorite":1,"tombstone:magic_scroll":1,"minecraft:torch":31,"tombstone:grave_key":2,"minecraft:melon_slice":5,"born_in_chaos_v1:fused_bone":2,"born_in_chaos_v1:stimulating_decoction":2,"tombstone:grave_dust":8,"minecraft:iron_leggings":1,"irons_spellbooks:common_ink":4,"minecraft:iron_axe":2,"irons_spellbooks:frozen_bone":27,"minecraft:bucket":3,"epicfight:stray_pants":1,"minecraft:smooth_basalt":2,"born_in_chaos_v1:fel_soil":3,"minecraft:nether_brick_slab":1,"minecraft:kelp":1,"minecraft:raw_copper":67,"minecraft:raw_iron":10,"farmersdelight:cabbage_seeds":2,"minecraft:stripped_oak_log":1,"born_in_chaos_v1:spiritual_dust":2,"wom:diamond_legtopseal":3,"minecraft:deepslate_bricks":1,"minecraft:filled_map":3,"minecraft:shield":3,"minecraft:iron_chestplate":10,"minecraft:andesite":2,"minecraft:mossy_stone_bricks":16,"cataclysm:void_scatter_arrow":1,"minecraft:golden_leggings":7,"minecraft:oak_sapling":1,"tombstone:essence_of_undeath":1,"minecraft:spruce_log":1,"minecraft:raw_gold":8,"minecraft:dead_brain_coral_block":5,"minecraft:calcite":9,"biomancy:mob_claw":8},"minecraft:crafted":{"minecraft:melon_seeds":13,"biomancy:primordial_core":1,"minecraft:spruce_door":6,"minecraft:iron_block":3,"minecraft:golden_carrot":46,"minecraft:bone_meal":75,"minecraft:spruce_fence":144,"minecraft:spruce_stairs":40,"minecraft:spruce_slab":126,"minecraft:dark_oak_planks":112,"minecraft:wheat":117,"minecraft:cyan_bed":1,"minecraft:wooden_axe":1,"minecraft:iron_shovel":2,"minecraft:oak_planks":64,"minecraft:iron_boots":2,"tombstone:grave_key":4,"minecraft:chest":51,"minecraft:crafting_table":7,"minecraft:spruce_planks":1096,"minecraft:wooden_pickaxe":1,"minecraft:iron_helmet":1,"minecraft:birch_planks":4,"minecraft:pumpkin_seeds":108,"minecraft:iron_chestplate":1,"minecraft:diamond_pickaxe":1,"minecraft:stick":224,"minecraft:coal":27,"minecraft:dark_oak_sign":9,"minecraft:iron_axe":1,"minecraft:iron_hoe":1,"born_in_chaos_v1:fried_maggot":39,"minecraft:crimson_planks":4,"minecraft:spruce_sign":3,"minecraft:iron_sword":1,"minecraft:bucket":2,"farmersdelight:sweet_berry_cookie":32,"minecraft:bread":39,"minecraft:air":0,"minecraft:gold_nugget":369,"ef_weapon_extended:diamond_knuckles":2,"minecraft:anvil":1,"minecraft:acacia_planks":8,"minecraft:torch":68},"minecraft:killed_by":{"minecraft:pillager":2,"minecraft:vindicator":2,"born_in_chaos_v1:pumpkinhead":1,"minecraft:zombie":8,"minecraft:vex":2,"minecraft:husk":32,"born_in_chaos_v1:baby_skeleton_minion":1,"minecraft:stray":5,"alexsmobs:bison":1,"stalwart_dungeons:giddy_blaze":6,"minecraft:warden":4,"alexsmobs:moose":1,"cataclysm:the_watcher":1,"minecraft:wither_skeleton":4,"minecraft:creeper":3,"born_in_chaos_v1:bone_imp_minion":1,"born_in_chaos_v1:supreme_bonescaller_stage_2":5,"born_in_chaos_v1:bonescaller_not_despawn":1,"minecraft:player":5,"irons_spellbooks:necromancer":3,"minecraft:skeleton":10,"mca:male_zombie_villager":1},"minecraft:mined":{"minecraft:dark_oak_planks":1,"minecraft:red_nether_bricks":4,"minecraft:obsidian":12,"minecraft:potted_dead_bush":1,"minecraft:granite":1,"minecraft:coal_block":4,"minecraft:chiseled_stone_bricks":2,"minecraft:spawner":66,"minecraft:weeping_vines_plant":5,"minecraft:magma_block":3,"minecraft:mossy_cobblestone_stairs":3,"minecraft:cobbled_deepslate":1,"minecraft:fire":4,"minecraft:deepslate_lapis_ore":9,"minecraft:stripped_dark_oak_wood":1,"minecraft:nether_brick_stairs":13,"minecraft:sculk_shrieker":3,"minecraft:polished_deepslate_slab":3,"farmersdelight:wild_potatoes":9,"minecraft:brown_mushroom":3,"minecraft:amethyst_cluster":2,"born_in_chaos_v1:infected_deepslate_diamond_ore":3,"minecraft:torch":6,"minecraft:blast_furnace":5,"minecraft:melon":12,"minecraft:nether_brick_slab":1,"farmersdelight:cabbages":2,"minecraft:damaged_anvil":1,"minecraft:amethyst_block":27,"minecraft:chain":7,"minecraft:cyan_wool":12,"minecraft:wheat":3,"minecraft:birch_door":5,"minecraft:wither_rose":1,"minecraft:stone_brick_stairs":6,"minecraft:grass":79,"minecraft:smooth_basalt":2,"born_in_chaos_v1:infernal_evil_pumpkin_s":1,"minecraft:deepslate":79,"minecraft:mossy_cobblestone":34,"minecraft:dark_oak_log":26,"minecraft:nether_bricks":13,"minecraft:cobbled_deepslate_slab":1,"minecraft:spruce_fence":1,"minecraft:jungle_planks":7,"born_in_chaos_v1:black_argillite":18,"born_in_chaos_v1:fel_soil":3,"minecraft:moss_block":2,"born_in_chaos_v1:gnawed_bones":1,"minecraft:black_stained_glass_pane":3,"minecraft:acacia_wood":1,"minecraft:andesite":2,"rechiseled:spruce_planks_tiles":3,"minecraft:mossy_stone_brick_stairs":1,"minecraft:vine":26,"irons_spellbooks:inscription_table":2,"minecraft:smithing_table":2,"minecraft:oak_slab":3,"minecraft:redstone_block":1,"minecraft:emerald_ore":1,"minecraft:tall_grass":8,"minecraft:copper_ore":15,"minecraft:deepslate_gold_ore":7,"farmersdelight:wild_tomatoes":1,"minecraft:diorite":1,"minecraft:warped_wart_block":1,"minecraft:purple_bed":2,"minecraft:spruce_log":283,"minecraft:birch_leaves":1,"minecraft:dark_oak_sign":1,"minecraft:cobweb":49,"minecraft:stone_bricks":1,"minecraft:iron_trapdoor":1,"minecraft:fern":5,"minecraft:large_amethyst_bud":1,"minecraft:spruce_planks":3,"minecraft:farmland":1,"minecraft:mossy_stone_brick_slab":1,"minecraft:cobblestone_stairs":1,"minecraft:sculk_vein":21,"minecraft:brewing_stand":1,"minecraft:budding_amethyst":3,"minecraft:grass_block":206,"minecraft:dead_tube_coral_block":8,"minecraft:mangrove_fence":1,"minecraft:iron_ore":7,"minecraft:anvil":1,"minecraft:iron_bars":30,"minecraft:spruce_slab":10,"minecraft:deepslate_redstone_ore":46,"minecraft:quartz_block":5,"minecraft:polished_deepslate_stairs":1,"minecraft:calcite":9,"minecraft:poppy":2,"minecraft:chest":2,"minecraft:cobblestone":9,"minecraft:grindstone":1,"minecraft:oak_planks":9,"minecraft:warped_nylium":1,"minecraft:dark_oak_slab":3,"minecraft:birch_log":1,"minecraft:blue_ice":1,"minecraft:tnt":3,"minecraft:oak_log":17,"minecraft:sand":10,"minecraft:dirt":157,"minecraft:netherrack":59,"minecraft:oak_leaves":8,"minecraft:nether_gold_ore":10,"minecraft:red_carpet":20,"minecraft:tuff":12,"minecraft:deepslate_diamond_ore":3,"minecraft:mangrove_wall_sign":1,"minecraft:weeping_vines":3,"minecraft:spruce_leaves":119,"minecraft:large_fern":34,"minecraft:hay_block":15,"minecraft:deepslate_brick_slab":1,"minecraft:furnace":2,"minecraft:carrots":26,"minecraft:stripped_spruce_log":1,"minecraft:nether_brick_fence":1,"minecraft:bookshelf":2,"minecraft:stripped_oak_log":1,"minecraft:packed_ice":6,"minecraft:stone":209,"minecraft:stripped_dark_oak_log":2,"minecraft:crafting_table":7,"minecraft:oak_wood":2,"minecraft:rose_bush":1,"minecraft:sculk":274,"minecraft:spruce_stairs":10,"minecraft:birch_planks":1,"minecraft:sweet_berry_bush":11,"minecraft:dead_brain_coral_block":7,"minecraft:mangrove_slab":2,"minecraft:coal_ore":15,"minecraft:cyan_carpet":9,"minecraft:cracked_stone_bricks":7,"minecraft:mossy_stone_bricks":28},"minecraft:picked_up":{"minecraft:seagrass":3,"minecraft:birch_door":5,"minecraft:iron_chestplate":8,"biomancy:mob_gland":19,"minecraft:chainmail_boots":1,"minecraft:flower_pot":3,"minecraft:anvil":1,"minecraft:smithing_table":2,"minecraft:diamond_sword":1,"minecraft:wither_rose":1,"minecraft:brewing_stand":1,"minecraft:amethyst_block":26,"minecraft:string":112,"minecraft:red_nether_bricks":2,"minecraft:beetroot_soup":1,"minecraft:pufferfish":1,"minecraft:gold_nugget":76,"minecraft:cobbled_deepslate":79,"minecraft:spruce_planks":6,"minecraft:melon_slice":64,"minecraft:coal_block":5,"minecraft:golden_helmet":2,"born_in_chaos_v1:shattered_skull":4,"minecraft:acacia_log":2,"born_in_chaos_v1:pileof_dark_metal":3,"born_in_chaos_v1:fel_soil":3,"alexsmobs:centipede_leg":2,"minecraft:golden_chestplate":2,"minecraft:tropical_fish":1,"minecraft:carved_pumpkin":1,"minecraft:blaze_rod":4,"epicfight:stray_robe":4,"minecraft:iron_bars":45,"minecraft:birch_log":1,"minecraft:magma_block":1,"minecraft:water_bucket":1,"born_in_chaos_v1:spiritual_dust":4,"minecraft:mangrove_slab":2,"born_in_chaos_v1:marigolds":4,"born_in_chaos_v1:skullbreaker_hammer":1,"minecraft:dark_oak_sign":1,"rechiseled:chisel":1,"minecraft:diamond_helmet":3,"minecraft:moss_block":2,"minecraft:stripped_spruce_log":1,"minecraft:dark_oak_log":26,"alexsmobs:animal_dictionary":1,"minecraft:bundle":15,"cataclysm:lionfish":2,"born_in_chaos_v1:nightmare_scythe":2,"minecraft:dead_brain_coral_block":10,"minecraft:chainmail_helmet":2,"minecraft:bread":101,"born_in_chaos_v1:rotten_fish":2,"minecraft:crimson_roots":1,"sophisticatedbackpacks:gold_backpack":1,"minecraft:crafting_table":9,"born_in_chaos_v1:seedof_chaos":10,"minecraft:leather_leggings":1,"irons_spellbooks:tarnished_helmet":1,"born_in_chaos_v1:charmof_resistance":3,"epicfight:stray_pants":2,"epicfight:stray_hat":1,"born_in_chaos_v1:intoxicating_decoction":6,"minecraft:iron_shovel":1,"minecraft:cracked_stone_bricks":7,"minecraft:beef":50,"born_in_chaos_v1:gnawed_bones":2,"minecraft:cyan_wool":11,"minecraft:poppy":1,"minecraft:spruce_slab":7,"biomancy:mob_claw":8,"minecraft:chest":2,"minecraft:egg":2,"minecraft:polished_deepslate_slab":2,"sophisticatedbackpacks:backpack":3,"minecraft:spruce_fence":1,"farmersdelight:tomato_seeds":5,"minecraft:mangrove_sign":2,"born_in_chaos_v1:pieceofdarkmetal":19,"minecraft:carrot":98,"minecraft:redstone":206,"minecraft:tnt":3,"biomancy:mob_marrow":33,"minecraft:diamond_chestplate":1,"minecraft:beetroot_seeds":3,"minecraft:deepslate_bricks":4,"minecraft:diamond_boots":2,"minecraft:hay_block":15,"tombstone:essence_of_undeath":3,"minecraft:gold_ingot":64,"sophisticatedbackpacks:copper_backpack":1,"minecraft:polished_blackstone":1,"minecraft:mutton":5,"minecraft:white_wool":4,"minecraft:stripped_oak_log":1,"born_in_chaos_v1:pumpkin_staff":3,"born_in_chaos_v1:monster_flesh":3,"minecraft:tripwire_hook":1,"minecraft:fern":1,"minecraft:acacia_wood":1,"minecraft:filled_map":2,"biomancy:toxin_gland":3,"minecraft:oak_log":17,"minecraft:golden_boots":3,"minecraft:paper":68,"tombstone:gift":1,"born_in_chaos_v1:soul_cutlass":2,"minecraft:stone_bricks":1,"minecraft:kelp":1,"mowziesmobs:foliaath_seed":4,"biomancy:mob_sinew":83,"minecraft:iron_ore":9,"tombstone:bag_of_seeds":8,"tombstone:scroll_of_frost_resistance":1,"minecraft:iron_sword":2,"minecraft:dark_oak_slab":1,"minecraft:smooth_basalt":2,"minecraft:sweet_berries":42,"born_in_chaos_v1:orbofthe_summoner":2,"born_in_chaos_v1:ethereal_spirit":9,"minecraft:torchflower_seeds":4,"minecraft:spruce_sapling":49,"minecraft:spruce_log":279,"minecraft:oak_wood":2,"minecraft:purple_bed":2,"minecraft:slime_ball":4,"minecraft:stone_axe":1,"minecraft:diamond_axe":1,"minecraft:warped_roots":30,"minecraft:melon_seeds":1,"minecraft:stripped_dark_oak_log":2,"minecraft:ender_pearl":22,"irons_spellbooks:scroll":2,"minecraft:wheat":5,"minecraft:black_carpet":3,"minecraft:redstone_block":1,"minecraft:nether_brick_fence":2,"minecraft:iron_trapdoor":1,"alexscaves:cave_tablet":2,"minecraft:potion":2,"minecraft:nether_brick":4,"minecraft:stone_brick_stairs":5,"tombstone:grave_key":1,"born_in_chaos_v1:holiday_candy":24,"born_in_chaos_v1:black_argillite":18,"minecraft:dead_tube_coral_block":7,"minecraft:raw_copper":91,"minecraft:iron_leggings":1,"irons_spellbooks:arcane_essence":2,"minecraft:bucket":4,"farmersdelight:cabbage":2,"minecraft:rose_bush":2,"minecraft:calcite":9,"alexsmobs:raccoon_tail":2,"born_in_chaos_v1:stimulating_decoction":2,"irons_spellbooks:inscription_table":2,"farmersdelight:cabbage_seeds":7,"minecraft:iron_boots":4,"minecraft:furnace":2,"minecraft:tipped_arrow":8,"minecraft:stick":32,"minecraft:polished_deepslate_stairs":1,"born_in_chaos_v1:phantom_powder":3,"minecraft:torch":39,"minecraft:spruce_stairs":8,"epicfight:skillbook":50,"minecraft:porkchop":18,"tombstone:grave_dust":127,"minecraft:diorite":1,"tombstone:lollipop":42,"minecraft:quartz_block":2,"minecraft:rotten_flesh":468,"minecraft:obsidian":15,"cataclysm:stone_pillar":1,"minecraft:cobblestone":235,"epicfight:stone_spear":1,"minecraft:andesite":2,"minecraft:golden_leggings":7,"minecraft:potato":10,"rechiseled:spruce_planks_tiles":2,"minecraft:tuff":12,"minecraft:lapis_lazuli":129,"minecraft:dirt":531,"minecraft:name_tag":1,"biomancy:withered_mob_marrow":75,"born_in_chaos_v1:monster_skin":4,"minecraft:leather_boots":3,"minecraft:mangrove_fence":1,"minecraft:bone":200,"minecraft:bow":8,"minecraft:wheat_seeds":33,"minecraft:deepslate_brick_slab":1,"minecraft:raw_gold":8,"minecraft:grindstone":1,"minecraft:mossy_stone_bricks":24,"minecraft:oak_planks":6,"minecraft:mossy_stone_brick_stairs":1,"irons_spellbooks:frozen_bone":92,"minecraft:sand":10,"minecraft:jungle_planks":7,"minecraft:nether_brick_stairs":12,"minecraft:dead_bush":1,"minecraft:mossy_cobblestone":27,"ef_weapon_extended:diamond_knuckles":1,"born_in_chaos_v1:fire_dust":1,"minecraft:diamond":15,"irons_spellbooks:divine_pearl":2,"minecraft:grass":1,"minecraft:golden_apple":2,"minecraft:emerald":66,"minecraft:oak_sapling":1,"irons_spellbooks:uncommon_ink":5,"minecraft:netherrack":49,"relics:space_dissector":1,"minecraft:fishing_rod":2,"minecraft:charcoal":7,"born_in_chaos_v1:diamond_termite_shard":5,"minecraft:chicken":2,"minecraft:rabbit_stew":1,"minecraft:brown_mushroom":3,"minecraft:chain":9,"biomancy:volatile_gland":2,"minecraft:shield":3,"minecraft:iron_axe":3,"minecraft:item_frame":2,"minecraft:cyan_carpet":16,"graveyard:corruption":5,"irons_spellbooks:epic_ink":1,"minecraft:raw_iron":16,"minecraft:copper_ingot":3,"minecraft:arrow":75,"minecraft:weeping_vines":4,"minecraft:nether_bricks":11,"minecraft:saddle":1,"born_in_chaos_v1:fused_bone":2,"born_in_chaos_v1:corpse_maggot":61,"minecraft:golden_carrot":9,"minecraft:glow_ink_sac":11,"minecraft:leather":17,"minecraft:birch_planks":1,"minecraft:crimson_fungus":1,"minecraft:chainmail_chestplate":2,"minecraft:gunpowder":3,"minecraft:cobblestone_stairs":1,"irons_spellbooks:common_ink":4,"minecraft:red_carpet":20,"minecraft:gray_carpet":6,"minecraft:iron_ingot":13,"minecraft:book":20,"minecraft:sculk_catalyst":1,"minecraft:oak_slab":13,"minecraft:warped_fungus":5,"minecraft:pumpkin":1,"minecraft:chiseled_stone_bricks":2,"born_in_chaos_v1:dark_rod":2,"minecraft:amethyst_shard":4,"minecraft:blast_furnace":4,"minecraft:nether_brick_slab":1,"minecraft:mossy_stone_brick_slab":1,"minecraft:spider_eye":14,"minecraft:pumpkin_seeds":20,"wom:diamond_legtopseal":3,"minecraft:chainmail_leggings":1,"minecraft:iron_helmet":2,"minecraft:mossy_cobblestone_stairs":2,"tombstone:magic_scroll":19,"minecraft:damaged_anvil":1,"minecraft:coal":78},"minecraft:used":{"irons_spellbooks:inscription_table":2,"minecraft:spruce_slab":21,"farmersdelight:cabbage_seeds":8,"minecraft:chest":53,"farmersdelight:cabbage":2,"born_in_chaos_v1:soul_cutlass":574,"minecraft:quartz_block":2,"minecraft:stone_brick_stairs":2,"minecraft:rabbit_stew":1,"minecraft:sweet_berries":28,"minecraft:furnace":2,"minecraft:egg":1,"minecraft:potato":11,"mowziesmobs:foliaath_seed":13,"minecraft:mossy_stone_bricks":1,"minecraft:leather_leggings":1,"minecraft:spruce_door":4,"minecraft:golden_apple":11,"minecraft:sand":10,"minecraft:blast_furnace":3,"born_in_chaos_v1:holiday_candy":8,"minecraft:pumpkin_seeds":8,"minecraft:cyan_carpet":2,"farmersdelight:wild_potatoes":9,"alexscaves:tripodfish":1,"minecraft:diamond_sword":750,"minecraft:smithing_table":2,"minecraft:iron_bars":3,"born_in_chaos_v1:ethereal_spirit":1,"minecraft:carved_pumpkin":1,"minecraft:netherrack":12,"minecraft:torch":77,"minecraft:brewing_stand":1,"minecraft:anvil":2,"minecraft:mossy_cobblestone_stairs":1,"minecraft:iron_axe":37,"born_in_chaos_v1:nightmare_scythe":718,"minecraft:melon_seeds":9,"minecraft:goat_horn":4,"tombstone:gift":7,"minecraft:cobbled_deepslate":44,"minecraft:calcite":2,"minecraft:wheat_seeds":12,"minecraft:water_bucket":105,"minecraft:leather_boots":1,"minecraft:deepslate_bricks":3,"minecraft:tnt":5,"minecraft:oak_slab":14,"minecraft:crafting_table":12,"born_in_chaos_v1:skullbreaker_hammer":3,"minecraft:spruce_log":6,"epicfight:stone_spear":12,"minecraft:diamond_pickaxe":185,"tombstone:tablet_of_assistance":7,"minecraft:iron_pickaxe":711,"tombstone:magic_scroll":48,"ef_weapon_extended:diamond_knuckles":63,"minecraft:cobblestone":58,"minecraft:potion":2,"minecraft:purple_bed":2,"minecraft:diamond_leggings":2,"minecraft:iron_shovel":277,"minecraft:iron_sword":229,"tombstone:lollipop":38,"minecraft:nether_bricks":2,"minecraft:carrot":123,"minecraft:tuff":12,"farmersdelight:sweet_berry_cookie":32,"minecraft:obsidian":3,"minecraft:red_carpet":17,"epicfight:skillbook":22,"minecraft:dark_oak_sign":5,"minecraft:oak_planks":16,"minecraft:ender_pearl":3,"minecraft:diamond_axe":417,"alexscaves:cave_book":1,"minecraft:melon_slice":1,"born_in_chaos_v1:pumpkin_staff":1,"minecraft:bread":84,"minecraft:cyan_bed":1,"tombstone:grave_key":46,"minecraft:grindstone":1,"minecraft:bone_meal":47,"minecraft:experience_bottle":2,"minecraft:flint_and_steel":5,"minecraft:spruce_planks":46,"minecraft:dirt":297,"minecraft:spruce_stairs":9,"minecraft:diamond_helmet":2,"minecraft:spruce_fence":145,"minecraft:birch_door":4,"minecraft:iron_hoe":250,"minecraft:dark_oak_planks":5,"minecraft:wooden_axe":40,"minecraft:iron_boots":2,"minecraft:crimson_planks":4,"rechiseled:cobblestone_paving_connecting":29,"minecraft:golden_carrot":43,"minecraft:beetroot_soup":2,"minecraft:red_nether_bricks":1,"minecraft:spruce_sign":2,"tombstone:bag_of_seeds":8,"minecraft:flower_pot":1,"rechiseled:spruce_planks_tiles":145,"minecraft:golden_leggings":2,"minecraft:fishing_rod":11,"minecraft:bucket":107,"minecraft:pumpkin_pie":8,"minecraft:sculk_catalyst":1},"minecraft:killed":{"minecraft:cave_spider":7,"born_in_chaos_v1:mr_pumpkin":2,"born_in_chaos_v1:restless_spirit":1,"born_in_chaos_v1:zombie_lumberjack":2,"born_in_chaos_v1:sir_the_headless":1,"born_in_chaos_v1:door_knight_not_despawn":1,"born_in_chaos_v1:pumpkin_spirit":1,"born_in_chaos_v1:siamese_skeletonsright":1,"born_in_chaos_v1:baby_skeleton_minion":5,"minecraft:skeleton":30,"minecraft:chicken":2,"born_in_chaos_v1:skeleton_thrasher":1,"alexsmobs:centipede_head":1,"minecraft:skeleton_horse":1,"born_in_chaos_v1:bone_imp":1,"stalwart_dungeons:giddy_blaze":2,"minecraft:pillager":13,"minecraft:zombie":83,"born_in_chaos_v1:corpse_fly":4,"born_in_chaos_v1:door_knight":1,"minecraft:cow":21,"mca:male_zombie_villager":2,"graveyard:nightmare":1,"alexsmobs:raccoon":3,"minecraft:vindicator":6,"born_in_chaos_v1:pumpkinhead":1,"stalwart_dungeons:nether_wart_cocoon":1,"born_in_chaos_v1:barrel_zombie":1,"born_in_chaos_v1:spiritof_chaos":1,"born_in_chaos_v1:spirit_guide":1,"minecraft:husk":221,"graveyard:ghoul":6,"born_in_chaos_v1:bone_imp_minion":10,"alexsmobs:rhinoceros":2,"born_in_chaos_v1:decrepit_skeleton":6,"born_in_chaos_v1:bloody_gadfly":1,"born_in_chaos_v1:dark_vortex":1,"minecraft:enderman":1,"born_in_chaos_v1:zombie_clown":1,"minecraft:spider":28,"minecraft:silverfish":2,"irons_spellbooks:summoned_skeleton":3,"born_in_chaos_v1:firelight_not_despawn":1,"minecraft:pig":5,"minecraft:zombie_villager":2,"born_in_chaos_v1:diamond_termite":3,"minecraft:creeper":4,"minecraft:sheep":3,"born_in_chaos_v1:dread_hound":5,"minecraft:stray":16,"alexsmobs:fly":2,"born_in_chaos_v1:missioner":1,"born_in_chaos_v1:zombie_clown_not_despawn":1,"minecraft:slime":3,"born_in_chaos_v1:zombie_bruiser":4,"born_in_chaos_v1:maggot":72,"minecraft:drowned":1,"born_in_chaos_v1:corpse_fish":1,"born_in_chaos_v1:mr_pumpkin_controlled":1,"mowziesmobs:baby_foliaath":2,"born_in_chaos_v1:felsteed":1,"born_in_chaos_v1:swarmer":1,"minecraft:bat":1,"born_in_chaos_v1:phantom_creeper_copy":2,"born_in_chaos_v1:decaying_zombie":1,"alexsmobs:cockroach":1,"born_in_chaos_v1:bonescaller_not_despawn":3,"alexsmobs:crow":1,"minecraft:wither_skeleton":110},"minecraft:custom":{"minecraft:interact_with_crafting_table":73,"minecraft:open_barrel":14,"minecraft:bell_ring":7,"minecraft:eat_cake_slice":4,"minecraft:leave_game":3,"minecraft:time_since_death":38976,"tombstone:eaten_lollipop":38,"minecraft:play_time":684345,"minecraft:deaths":111,"minecraft:jump":6120,"minecraft:interact_with_furnace":2,"minecraft:sleep_in_bed":6,"tombstone:sneak_grave":1,"minecraft:damage_dealt":128117,"tombstone:undead_killed":516,"minecraft:interact_with_smithing_table":1,"minecraft:horse_one_cm":1700,"minecraft:interact_with_anvil":12,"minecraft:damage_dealt_absorbed":18,"minecraft:sneak_time":24709,"minecraft:interact_with_lectern":1,"minecraft:interact_with_blast_furnace":9,"minecraft:total_world_time":684345,"minecraft:time_since_rest":38952,"tombstone:cast_on_ally":0,"minecraft:swim_one_cm":71955,"minecraft:fly_one_cm":860689,"minecraft:open_chest":207,"minecraft:fall_one_cm":196743,"lootr:looted_stat":175,"minecraft:damage_resisted":4008,"minecraft:sprint_one_cm":1378050,"minecraft:drop":548,"minecraft:talked_to_villager":3,"minecraft:interact_with_brewingstand":6,"minecraft:walk_on_water_one_cm":143481,"minecraft:interact_with_loom":9,"minecraft:player_kills":1,"minecraft:crouch_one_cm":76690,"minecraft:mob_kills":794,"minecraft:damage_dealt_resisted":7559,"minecraft:climb_one_cm":25436,"minecraft:walk_one_cm":2369448,"minecraft:walk_under_water_one_cm":101741,"minecraft:damage_taken":50249,"minecraft:damage_absorbed":570}},"DataVersion":3465}