{"stats":{"minecraft:picked_up":{"minecraft:seagrass":3,"minecraft:iron_chestplate":1,"minecraft:black_carpet":3,"biomancy:mob_gland":3,"minecraft:iron_trapdoor":1,"minecraft:nether_brick_fence":2,"minecraft:flower_pot":3,"minecraft:smithing_table":1,"alexscaves:cave_tablet":2,"minecraft:amethyst_block":26,"minecraft:nether_brick":4,"minecraft:stone_brick_stairs":2,"tombstone:grave_key":1,"born_in_chaos_v1:holiday_candy":24,"born_in_chaos_v1:black_argillite":18,"minecraft:string":52,"minecraft:dead_tube_coral_block":7,"minecraft:raw_copper":40,"minecraft:red_nether_bricks":2,"minecraft:pufferfish":1,"irons_spellbooks:arcane_essence":2,"minecraft:cobbled_deepslate":45,"minecraft:gold_nugget":38,"minecraft:bucket":4,"minecraft:spruce_planks":2,"minecraft:rose_bush":2,"minecraft:calcite":9,"born_in_chaos_v1:stimulating_decoction":2,"minecraft:melon_slice":5,"irons_spellbooks:inscription_table":1,"minecraft:iron_boots":2,"minecraft:tipped_arrow":2,"minecraft:golden_helmet":2,"born_in_chaos_v1:shattered_skull":3,"minecraft:acacia_log":2,"minecraft:spruce_stairs":1,"minecraft:porkchop":8,"epicfight:skillbook":4,"born_in_chaos_v1:fel_soil":3,"tombstone:grave_dust":52,"minecraft:diorite":1,"tombstone:lollipop":12,"minecraft:rotten_flesh":165,"minecraft:tropical_fish":1,"minecraft:carved_pumpkin":1,"minecraft:blaze_rod":4,"epicfight:stray_robe":3,"minecraft:obsidian":3,"minecraft:iron_bars":21,"cataclysm:stone_pillar":1,"minecraft:cobblestone":14,"minecraft:magma_block":1,"born_in_chaos_v1:spiritual_dust":4,"minecraft:andesite":1,"minecraft:lapis_lazuli":42,"minecraft:dirt":45,"minecraft:name_tag":1,"born_in_chaos_v1:monster_skin":1,"minecraft:leather_boots":1,"minecraft:bone":88,"minecraft:bow":6,"minecraft:wheat_seeds":13,"minecraft:raw_gold":8,"born_in_chaos_v1:skullbreaker_hammer":1,"minecraft:moss_block":2,"minecraft:oak_planks":4,"irons_spellbooks:frozen_bone":54,"minecraft:sand":10,"minecraft:jungle_planks":7,"minecraft:nether_brick_stairs":12,"minecraft:dead_bush":1,"minecraft:dark_oak_log":26,"alexsmobs:animal_dictionary":1,"minecraft:mossy_cobblestone":4,"ef_weapon_extended:diamond_knuckles":1,"minecraft:bundle":8,"cataclysm:lionfish":2,"born_in_chaos_v1:fire_dust":1,"minecraft:diamond":15,"born_in_chaos_v1:nightmare_scythe":1,"minecraft:dead_brain_coral_block":10,"minecraft:golden_apple":1,"minecraft:emerald":5,"minecraft:bread":37,"minecraft:oak_sapling":1,"born_in_chaos_v1:rotten_fish":2,"minecraft:netherrack":30,"relics:space_dissector":1,"minecraft:crimson_roots":1,"sophisticatedbackpacks:gold_backpack":1,"minecraft:fishing_rod":2,"minecraft:crafting_table":8,"born_in_chaos_v1:diamond_termite_shard":5,"born_in_chaos_v1:seedof_chaos":4,"minecraft:rabbit_stew":1,"minecraft:leather_leggings":1,"irons_spellbooks:tarnished_helmet":1,"minecraft:chain":7,"biomancy:volatile_gland":2,"epicfight:stray_pants":2,"epicfight:stray_hat":1,"born_in_chaos_v1:intoxicating_decoction":4,"minecraft:cyan_carpet":9,"graveyard:corruption":2,"minecraft:cracked_stone_bricks":1,"minecraft:beef":19,"minecraft:cyan_wool":11,"irons_spellbooks:epic_ink":1,"minecraft:spruce_slab":2,"minecraft:chest":2,"minecraft:raw_iron":10,"minecraft:polished_deepslate_slab":2,"minecraft:spruce_fence":1,"sophisticatedbackpacks:backpack":3,"born_in_chaos_v1:pieceofdarkmetal":10,"minecraft:redstone":163,"minecraft:tnt":3,"biomancy:mob_marrow":15,"minecraft:arrow":52,"minecraft:weeping_vines":1,"minecraft:nether_bricks":7,"minecraft:deepslate_bricks":4,"minecraft:hay_block":1,"minecraft:saddle":1,"minecraft:polished_blackstone":1,"minecraft:stripped_oak_log":1,"minecraft:white_wool":1,"born_in_chaos_v1:fused_bone":2,"born_in_chaos_v1:corpse_maggot":16,"minecraft:glow_ink_sac":11,"born_in_chaos_v1:monster_flesh":1,"born_in_chaos_v1:pumpkin_staff":1,"minecraft:leather":8,"minecraft:acacia_wood":1,"minecraft:filled_map":2,"minecraft:birch_planks":1,"minecraft:crimson_fungus":1,"biomancy:toxin_gland":3,"minecraft:oak_log":13,"minecraft:chainmail_chestplate":2,"minecraft:gunpowder":3,"minecraft:paper":68,"tombstone:gift":1,"born_in_chaos_v1:soul_cutlass":1,"minecraft:stone_bricks":1,"minecraft:gray_carpet":6,"minecraft:kelp":1,"biomancy:mob_sinew":21,"minecraft:iron_ingot":4,"tombstone:bag_of_seeds":1,"minecraft:iron_sword":2,"minecraft:book":20,"minecraft:sculk_catalyst":1,"minecraft:oak_slab":13,"minecraft:smooth_basalt":2,"minecraft:dark_oak_slab":1,"minecraft:warped_fungus":5,"minecraft:sweet_berries":3,"born_in_chaos_v1:orbofthe_summoner":1,"born_in_chaos_v1:ethereal_spirit":1,"minecraft:amethyst_shard":4,"minecraft:spruce_sapling":4,"minecraft:blast_furnace":2,"minecraft:spruce_log":50,"minecraft:nether_brick_slab":1,"minecraft:spider_eye":10,"minecraft:oak_wood":2,"minecraft:pumpkin_seeds":20,"minecraft:purple_bed":2,"minecraft:slime_ball":2,"minecraft:stone_axe":1,"wom:diamond_legtopseal":3,"minecraft:chainmail_leggings":1,"minecraft:iron_helmet":2,"minecraft:diamond_axe":1,"minecraft:mossy_cobblestone_stairs":2,"minecraft:warped_roots":30,"tombstone:magic_scroll":5,"minecraft:damaged_anvil":1,"minecraft:stripped_dark_oak_log":2,"minecraft:coal":57,"minecraft:ender_pearl":6},"minecraft:crafted":{"minecraft:oak_planks":56,"minecraft:iron_boots":1,"minecraft:chest":19,"minecraft:crafting_table":3,"minecraft:spruce_planks":200,"minecraft:wooden_pickaxe":1,"minecraft:iron_helmet":1,"minecraft:spruce_door":6,"minecraft:pumpkin_seeds":108,"minecraft:iron_chestplate":1,"minecraft:stick":88,"minecraft:dark_oak_sign":3,"minecraft:iron_axe":1,"minecraft:dark_oak_planks":100,"minecraft:crimson_planks":4,"minecraft:spruce_sign":3,"minecraft:cyan_bed":1,"minecraft:iron_sword":1,"minecraft:bucket":1,"minecraft:wooden_axe":1,"ef_weapon_extended:diamond_knuckles":2,"minecraft:acacia_planks":8,"minecraft:torch":68},"minecraft:used":{"minecraft:spruce_slab":1,"minecraft:chest":21,"minecraft:iron_sword":161,"tombstone:lollipop":6,"minecraft:carrot":43,"born_in_chaos_v1:soul_cutlass":109,"minecraft:obsidian":3,"minecraft:stone_brick_stairs":2,"minecraft:rabbit_stew":1,"epicfight:skillbook":6,"minecraft:leather_leggings":1,"minecraft:spruce_door":4,"minecraft:dark_oak_sign":1,"minecraft:oak_planks":13,"minecraft:diamond_axe":66,"minecraft:golden_apple":2,"minecraft:sand":10,"minecraft:blast_furnace":2,"minecraft:bread":66,"minecraft:cyan_bed":1,"tombstone:grave_key":28,"alexscaves:tripodfish":1,"minecraft:diamond_sword":33,"minecraft:smithing_table":1,"minecraft:iron_bars":1,"minecraft:flint_and_steel":5,"minecraft:spruce_planks":44,"minecraft:netherrack":12,"minecraft:torch":16,"minecraft:dirt":6,"minecraft:diamond_helmet":1,"minecraft:spruce_fence":1,"minecraft:mossy_cobblestone_stairs":1,"minecraft:dark_oak_planks":5,"minecraft:wooden_axe":40,"minecraft:iron_axe":37,"minecraft:iron_boots":1,"born_in_chaos_v1:nightmare_scythe":337,"minecraft:crimson_planks":4,"tombstone:gift":7,"minecraft:cobbled_deepslate":11,"minecraft:beetroot_soup":1,"minecraft:calcite":2,"minecraft:water_bucket":75,"minecraft:red_nether_bricks":1,"minecraft:spruce_sign":2,"minecraft:leather_boots":1,"minecraft:deepslate_bricks":3,"minecraft:oak_slab":14,"minecraft:tnt":5,"minecraft:crafting_table":7,"born_in_chaos_v1:skullbreaker_hammer":3,"tombstone:bag_of_seeds":2,"tombstone:tablet_of_assistance":7,"minecraft:iron_pickaxe":383,"tombstone:magic_scroll":46,"ef_weapon_extended:diamond_knuckles":63,"minecraft:fishing_rod":11,"minecraft:cobblestone":9,"minecraft:potion":1,"minecraft:purple_bed":2,"minecraft:bucket":76,"minecraft:pumpkin_pie":8,"minecraft:sculk_catalyst":1},"minecraft:killed":{"born_in_chaos_v1:zombie_clown":1,"minecraft:cave_spider":6,"born_in_chaos_v1:mr_pumpkin":2,"born_in_chaos_v1:zombie_lumberjack":2,"born_in_chaos_v1:sir_the_headless":1,"born_in_chaos_v1:door_knight_not_despawn":1,"born_in_chaos_v1:pumpkin_spirit":1,"minecraft:spider":17,"born_in_chaos_v1:siamese_skeletonsright":1,"born_in_chaos_v1:baby_skeleton_minion":5,"minecraft:skeleton":14,"irons_spellbooks:summoned_skeleton":3,"minecraft:skeleton_horse":1,"born_in_chaos_v1:firelight_not_despawn":1,"born_in_chaos_v1:diamond_termite":3,"born_in_chaos_v1:bone_imp":1,"stalwart_dungeons:giddy_blaze":2,"minecraft:creeper":3,"minecraft:pillager":4,"minecraft:zombie":30,"born_in_chaos_v1:dread_hound":1,"born_in_chaos_v1:corpse_fly":4,"minecraft:stray":6,"alexsmobs:fly":1,"born_in_chaos_v1:door_knight":1,"minecraft:cow":7,"mca:male_zombie_villager":2,"minecraft:vindicator":2,"born_in_chaos_v1:maggot":10,"born_in_chaos_v1:pumpkinhead":1,"stalwart_dungeons:nether_wart_cocoon":1,"born_in_chaos_v1:corpse_fish":1,"born_in_chaos_v1:mr_pumpkin_controlled":1,"born_in_chaos_v1:barrel_zombie":1,"born_in_chaos_v1:felsteed":1,"minecraft:husk":17,"graveyard:ghoul":4,"born_in_chaos_v1:bone_imp_minion":10,"born_in_chaos_v1:swarmer":1,"minecraft:bat":1,"born_in_chaos_v1:decrepit_skeleton":3,"born_in_chaos_v1:bloody_gadfly":1,"born_in_chaos_v1:bonescaller_not_despawn":3,"minecraft:enderman":1},"minecraft:mined":{"minecraft:spruce_planks":1,"minecraft:sculk_vein":21,"minecraft:red_nether_bricks":4,"minecraft:potted_dead_bush":1,"minecraft:granite":1,"minecraft:budding_amethyst":3,"minecraft:grass_block":8,"minecraft:dead_tube_coral_block":8,"minecraft:spawner":38,"minecraft:weeping_vines_plant":1,"minecraft:magma_block":2,"minecraft:mossy_cobblestone_stairs":2,"minecraft:iron_ore":5,"minecraft:fire":4,"minecraft:deepslate_lapis_ore":4,"minecraft:stripped_dark_oak_wood":1,"minecraft:nether_brick_stairs":13,"minecraft:sculk_shrieker":3,"minecraft:polished_deepslate_slab":3,"minecraft:iron_bars":10,"minecraft:spruce_slab":2,"minecraft:deepslate_redstone_ore":37,"minecraft:amethyst_cluster":2,"born_in_chaos_v1:infected_deepslate_diamond_ore":3,"minecraft:blast_furnace":3,"minecraft:calcite":9,"minecraft:melon":1,"minecraft:chest":2,"minecraft:nether_brick_slab":1,"minecraft:oak_planks":7,"minecraft:damaged_anvil":1,"minecraft:amethyst_block":27,"minecraft:chain":6,"minecraft:cyan_wool":12,"minecraft:warped_nylium":1,"minecraft:dark_oak_slab":3,"minecraft:blue_ice":1,"minecraft:tnt":3,"minecraft:stone_brick_stairs":2,"minecraft:grass":10,"minecraft:oak_log":15,"minecraft:sand":10,"minecraft:dirt":6,"minecraft:smooth_basalt":2,"born_in_chaos_v1:infernal_evil_pumpkin_s":1,"minecraft:netherrack":32,"minecraft:oak_leaves":2,"minecraft:deepslate":37,"minecraft:nether_gold_ore":10,"minecraft:mossy_cobblestone":5,"minecraft:deepslate_diamond_ore":3,"minecraft:dark_oak_log":26,"minecraft:cobbled_deepslate_slab":1,"minecraft:nether_bricks":8,"minecraft:spruce_fence":1,"minecraft:jungle_planks":7,"born_in_chaos_v1:black_argillite":18,"born_in_chaos_v1:fel_soil":3,"minecraft:weeping_vines":1,"minecraft:spruce_leaves":15,"minecraft:moss_block":2,"minecraft:large_fern":8,"minecraft:acacia_wood":1,"minecraft:andesite":1,"minecraft:nether_brick_fence":1,"minecraft:bookshelf":2,"minecraft:vine":1,"minecraft:stripped_oak_log":1,"minecraft:packed_ice":6,"irons_spellbooks:inscription_table":1,"minecraft:stone":14,"minecraft:smithing_table":1,"minecraft:oak_slab":3,"minecraft:stripped_dark_oak_log":2,"minecraft:crafting_table":6,"minecraft:oak_wood":2,"minecraft:rose_bush":1,"minecraft:copper_ore":4,"minecraft:tall_grass":2,"minecraft:deepslate_gold_ore":7,"minecraft:sculk":254,"minecraft:diorite":1,"minecraft:warped_wart_block":1,"minecraft:spruce_stairs":1,"minecraft:purple_bed":2,"minecraft:birch_planks":1,"minecraft:birch_leaves":1,"minecraft:spruce_log":49,"minecraft:dead_brain_coral_block":7,"minecraft:coal_ore":15,"minecraft:cobweb":23,"minecraft:cracked_stone_bricks":1,"minecraft:stone_bricks":1,"minecraft:mossy_stone_bricks":3,"minecraft:iron_trapdoor":1,"minecraft:fern":1},"minecraft:killed_by":{"cataclysm:the_watcher":1,"minecraft:wither_skeleton":1,"minecraft:creeper":2,"minecraft:pillager":2,"born_in_chaos_v1:bone_imp_minion":1,"minecraft:vindicator":2,"born_in_chaos_v1:pumpkinhead":1,"minecraft:zombie":2,"born_in_chaos_v1:supreme_bonescaller_stage_2":5,"born_in_chaos_v1:bonescaller_not_despawn":1,"minecraft:vex":2,"minecraft:husk":21,"minecraft:player":3,"born_in_chaos_v1:baby_skeleton_minion":1,"minecraft:stray":5,"stalwart_dungeons:giddy_blaze":6,"minecraft:warden":4,"irons_spellbooks:necromancer":2,"minecraft:skeleton":8,"alexsmobs:moose":1,"mca:male_zombie_villager":1},"minecraft:broken":{"epicfight:stray_pants":1,"minecraft:iron_boots":1,"minecraft:iron_leggings":1,"minecraft:iron_helmet":2},"minecraft:custom":{"lootr:looted_stat":94,"minecraft:interact_with_crafting_table":34,"minecraft:open_barrel":9,"minecraft:bell_ring":1,"minecraft:leave_game":1,"minecraft:time_since_death":12879,"minecraft:damage_resisted":3669,"minecraft:sprint_one_cm":784491,"minecraft:drop":287,"tombstone:eaten_lollipop":6,"minecraft:talked_to_villager":3,"minecraft:play_time":334872,"minecraft:deaths":78,"minecraft:jump":3686,"minecraft:interact_with_brewingstand":1,"minecraft:walk_on_water_one_cm":113989,"minecraft:interact_with_loom":8,"minecraft:sleep_in_bed":4,"tombstone:sneak_grave":1,"minecraft:damage_dealt":37799,"minecraft:crouch_one_cm":45564,"tombstone:undead_killed":107,"minecraft:interact_with_anvil":2,"minecraft:mob_kills":215,"minecraft:damage_dealt_resisted":4243,"minecraft:climb_one_cm":11717,"minecraft:walk_one_cm":1121699,"minecraft:damage_dealt_absorbed":18,"minecraft:sneak_time":13543,"minecraft:walk_under_water_one_cm":50307,"minecraft:interact_with_lectern":1,"minecraft:interact_with_blast_furnace":6,"minecraft:total_world_time":334872,"minecraft:time_since_rest":12637,"minecraft:damage_taken":30958,"minecraft:damage_absorbed":240,"minecraft:swim_one_cm":28713,"minecraft:fly_one_cm":493990,"minecraft:open_chest":57,"minecraft:fall_one_cm":112892},"minecraft:dropped":{"minecraft:nether_brick_stairs":7,"minecraft:iron_sword":3,"minecraft:acacia_wood":2,"alexsmobs:shark_tooth_arrow":1,"minecraft:porkchop":4,"minecraft:birch_planks":1,"minecraft:warped_fungus":3,"minecraft:crossbow":1,"minecraft:glass_bottle":1,"minecraft:ender_pearl":6,"minecraft:diamond":12,"minecraft:crafting_table":2,"cataclysm:lionfish":1,"minecraft:pitcher_pod":3,"minecraft:glow_berries":1,"minecraft:warped_roots":42,"minecraft:leather":2,"minecraft:jungle_planks":2,"minecraft:cracked_stone_bricks":1,"born_in_chaos_v1:pieceofdarkmetal":6,"irons_spellbooks:tarnished_helmet":1,"minecraft:cod":6,"minecraft:flint":5,"minecraft:emerald":4,"minecraft:dirt":19,"born_in_chaos_v1:monster_skin":1,"minecraft:crimson_roots":1,"minecraft:seagrass":3,"minecraft:stripped_dark_oak_wood":1,"irons_spellbooks:epic_ink":1,"minecraft:chain":4,"minecraft:fishing_rod":1,"minecraft:white_wool":1,"epicfight:stray_robe":2,"minecraft:cyan_carpet":7,"minecraft:bone":7,"ef_weapon_extended:diamond_knuckles":3,"minecraft:stone_axe":1,"alexsmobs:animal_dictionary":1,"minecraft:cobbled_deepslate":21,"minecraft:nether_brick":4,"minecraft:black_carpet":3,"alexscaves:cave_tablet":6,"minecraft:obsidian":3,"minecraft:beetroot":11,"minecraft:rotten_flesh":60,"relics:space_dissector":1,"minecraft:nether_brick_fence":2,"minecraft:chainmail_chestplate":1,"minecraft:gunpowder":1,"minecraft:skeleton_skull":1,"born_in_chaos_v1:corpse_maggot":5,"minecraft:painting":1,"minecraft:spruce_slab":6,"minecraft:iron_bars":20,"minecraft:arrow":42,"minecraft:beef":12,"born_in_chaos_v1:skullbreaker_hammer":1,"minecraft:netherrack":9,"minecraft:dead_tube_coral_block":7,"minecraft:bread":34,"born_in_chaos_v1:intoxicating_decoction":2,"born_in_chaos_v1:shattered_skull":2,"minecraft:wheat_seeds":5,"minecraft:mossy_cobblestone":1,"minecraft:oak_fence":2,"minecraft:iron_helmet":4,"minecraft:cobblestone":5,"minecraft:book":14,"minecraft:tropical_fish":1,"minecraft:spruce_stairs":1,"minecraft:coal":27,"born_in_chaos_v1:black_argillite":18,"minecraft:diorite":1,"minecraft:iron_trapdoor":1,"biomancy:mob_sinew":13,"tombstone:grave_key":2,"minecraft:wooden_axe":1,"minecraft:melon_slice":5,"minecraft:rose_bush":2,"born_in_chaos_v1:fused_bone":2,"born_in_chaos_v1:stimulating_decoction":2,"tombstone:grave_dust":8,"minecraft:dead_bush":1,"minecraft:mossy_cobblestone_stairs":1,"minecraft:paper":56,"minecraft:string":25,"irons_spellbooks:frozen_bone":19,"minecraft:bucket":3,"minecraft:gray_carpet":2,"minecraft:spruce_sapling":4,"minecraft:smooth_basalt":2,"born_in_chaos_v1:nightmare_scythe":1,"minecraft:nether_brick_slab":1,"minecraft:kelp":1,"minecraft:raw_copper":20,"minecraft:bowl":2,"minecraft:raw_iron":4,"farmersdelight:cabbage_seeds":2,"born_in_chaos_v1:rotten_fish":1,"minecraft:polished_deepslate_slab":2,"minecraft:iron_boots":2,"minecraft:stripped_oak_log":1,"sophisticatedbackpacks:backpack":3,"minecraft:name_tag":1,"born_in_chaos_v1:spiritual_dust":2,"wom:diamond_legtopseal":3,"minecraft:nether_bricks":8,"minecraft:pumpkin_seeds":21,"minecraft:deepslate_bricks":1,"minecraft:filled_map":2,"minecraft:cyan_wool":6,"minecraft:flower_pot":2,"minecraft:spruce_planks":5,"minecraft:bundle":2,"minecraft:iron_chestplate":2,"minecraft:andesite":1,"minecraft:oak_sapling":1,"minecraft:spider_eye":1,"minecraft:stone_bricks":1,"minecraft:spruce_log":1,"minecraft:bow":5,"minecraft:raw_gold":8,"minecraft:dead_brain_coral_block":5,"minecraft:calcite":9}},"DataVersion":3465}