{"stats":{"minecraft:killed_by":{"minecraft:wither_skeleton":1,"minecraft:creeper":2,"minecraft:pillager":2,"minecraft:vindicator":2,"minecraft:zombie":2,"born_in_chaos_v1:supreme_bonescaller_stage_2":1,"minecraft:vex":1,"minecraft:husk":21,"minecraft:player":1,"minecraft:stray":5,"stalwart_dungeons:giddy_blaze":6,"irons_spellbooks:necromancer":2,"minecraft:skeleton":5,"alexsmobs:moose":1},"minecraft:dropped":{"minecraft:nether_brick_stairs":7,"minecraft:iron_sword":3,"minecraft:birch_planks":1,"minecraft:warped_fungus":3,"minecraft:glass_bottle":1,"minecraft:ender_pearl":6,"minecraft:diamond":12,"minecraft:crafting_table":2,"cataclysm:lionfish":1,"minecraft:pitcher_pod":3,"minecraft:warped_roots":42,"minecraft:leather":2,"minecraft:jungle_planks":2,"minecraft:cracked_stone_bricks":1,"born_in_chaos_v1:pieceofdarkmetal":6,"irons_spellbooks:tarnished_helmet":1,"minecraft:flint":5,"minecraft:emerald":4,"born_in_chaos_v1:monster_skin":1,"minecraft:stripped_dark_oak_wood":1,"irons_spellbooks:epic_ink":1,"minecraft:chain":1,"minecraft:fishing_rod":1,"epicfight:stray_robe":2,"minecraft:white_wool":1,"minecraft:cyan_carpet":7,"ef_weapon_extended:diamond_knuckles":3,"minecraft:cobbled_deepslate":21,"alexsmobs:animal_dictionary":1,"minecraft:nether_brick":4,"minecraft:black_carpet":3,"minecraft:obsidian":3,"minecraft:beetroot":11,"minecraft:rotten_flesh":60,"minecraft:nether_brick_fence":2,"minecraft:chainmail_chestplate":1,"minecraft:gunpowder":1,"minecraft:skeleton_skull":1,"born_in_chaos_v1:corpse_maggot":1,"minecraft:painting":1,"minecraft:spruce_slab":6,"minecraft:iron_bars":20,"minecraft:arrow":2,"minecraft:beef":12,"born_in_chaos_v1:skullbreaker_hammer":1,"minecraft:netherrack":4,"minecraft:dead_tube_coral_block":7,"born_in_chaos_v1:shattered_skull":2,"minecraft:wheat_seeds":5,"minecraft:mossy_cobblestone":1,"minecraft:oak_fence":2,"minecraft:cobblestone":5,"minecraft:iron_helmet":4,"minecraft:book":14,"minecraft:spruce_stairs":1,"minecraft:coal":20,"born_in_chaos_v1:black_argillite":18,"minecraft:iron_trapdoor":1,"tombstone:grave_key":1,"minecraft:wooden_axe":1,"minecraft:melon_slice":5,"minecraft:rose_bush":2,"born_in_chaos_v1:fused_bone":2,"tombstone:grave_dust":7,"minecraft:dead_bush":1,"minecraft:mossy_cobblestone_stairs":1,"minecraft:string":21,"irons_spellbooks:frozen_bone":19,"minecraft:bucket":3,"minecraft:gray_carpet":2,"minecraft:spruce_sapling":3,"born_in_chaos_v1:nightmare_scythe":1,"minecraft:nether_brick_slab":1,"minecraft:raw_copper":20,"minecraft:bowl":2,"born_in_chaos_v1:rotten_fish":1,"farmersdelight:cabbage_seeds":2,"minecraft:iron_boots":2,"sophisticatedbackpacks:backpack":3,"born_in_chaos_v1:spiritual_dust":2,"wom:diamond_legtopseal":3,"minecraft:nether_bricks":8,"minecraft:pumpkin_seeds":1,"minecraft:filled_map":2,"minecraft:cyan_wool":6,"minecraft:flower_pot":2,"minecraft:spruce_planks":5,"minecraft:bundle":2,"minecraft:iron_chestplate":2,"minecraft:andesite":1,"minecraft:spider_eye":1,"minecraft:stone_bricks":1,"minecraft:spruce_log":1,"minecraft:bow":4,"minecraft:dead_brain_coral_block":5,"minecraft:calcite":5},"minecraft:crafted":{"minecraft:oak_planks":48,"minecraft:iron_boots":1,"minecraft:chest":19,"minecraft:crafting_table":2,"minecraft:spruce_planks":200,"minecraft:wooden_pickaxe":1,"minecraft:iron_helmet":1,"minecraft:spruce_door":6,"minecraft:iron_chestplate":1,"minecraft:stick":84,"minecraft:dark_oak_sign":3,"minecraft:iron_axe":1,"minecraft:dark_oak_planks":92,"minecraft:crimson_planks":4,"minecraft:spruce_sign":3,"minecraft:cyan_bed":1,"minecraft:bucket":1,"minecraft:wooden_axe":1,"ef_weapon_extended:diamond_knuckles":2,"minecraft:acacia_planks":8,"minecraft:torch":68},"minecraft:broken":{"epicfight:stray_pants":1,"minecraft:iron_boots":1,"minecraft:iron_leggings":1,"minecraft:iron_helmet":1},"minecraft:killed":{"minecraft:cave_spider":5,"born_in_chaos_v1:zombie_lumberjack":2,"born_in_chaos_v1:door_knight_not_despawn":1,"born_in_chaos_v1:pumpkin_spirit":1,"minecraft:spider":15,"born_in_chaos_v1:siamese_skeletonsright":1,"born_in_chaos_v1:baby_skeleton_minion":3,"minecraft:skeleton":11,"irons_spellbooks:summoned_skeleton":3,"born_in_chaos_v1:firelight_not_despawn":1,"born_in_chaos_v1:diamond_termite":3,"born_in_chaos_v1:bone_imp":1,"stalwart_dungeons:giddy_blaze":2,"minecraft:pillager":4,"minecraft:zombie":11,"born_in_chaos_v1:dread_hound":1,"born_in_chaos_v1:corpse_fly":3,"minecraft:stray":6,"minecraft:cow":4,"minecraft:vindicator":2,"born_in_chaos_v1:maggot":6,"stalwart_dungeons:nether_wart_cocoon":1,"born_in_chaos_v1:corpse_fish":1,"minecraft:husk":17,"graveyard:ghoul":1,"born_in_chaos_v1:bone_imp_minion":4,"born_in_chaos_v1:swarmer":1,"minecraft:bat":1,"born_in_chaos_v1:decrepit_skeleton":3,"born_in_chaos_v1:bloody_gadfly":1,"born_in_chaos_v1:bonescaller_not_despawn":1},"minecraft:mined":{"minecraft:spruce_planks":1,"minecraft:red_nether_bricks":4,"minecraft:potted_dead_bush":1,"minecraft:granite":1,"minecraft:grass_block":7,"minecraft:dead_tube_coral_block":8,"minecraft:spawner":37,"minecraft:weeping_vines_plant":1,"minecraft:magma_block":2,"minecraft:mossy_cobblestone_stairs":2,"minecraft:iron_ore":5,"minecraft:fire":2,"minecraft:deepslate_lapis_ore":4,"minecraft:stripped_dark_oak_wood":1,"minecraft:nether_brick_stairs":13,"minecraft:iron_bars":10,"minecraft:spruce_slab":2,"minecraft:deepslate_redstone_ore":17,"born_in_chaos_v1:infected_deepslate_diamond_ore":3,"minecraft:blast_furnace":3,"minecraft:calcite":7,"minecraft:melon":1,"minecraft:chest":2,"minecraft:nether_brick_slab":1,"minecraft:oak_planks":3,"minecraft:damaged_anvil":1,"minecraft:chain":4,"minecraft:cyan_wool":12,"minecraft:warped_nylium":1,"minecraft:stone_brick_stairs":2,"minecraft:grass":7,"minecraft:oak_log":6,"minecraft:sand":10,"minecraft:dirt":4,"minecraft:netherrack":32,"minecraft:oak_leaves":1,"minecraft:deepslate":31,"minecraft:nether_gold_ore":10,"minecraft:mossy_cobblestone":5,"minecraft:deepslate_diamond_ore":3,"minecraft:dark_oak_log":26,"minecraft:nether_bricks":8,"minecraft:spruce_fence":1,"born_in_chaos_v1:black_argillite":18,"minecraft:jungle_planks":7,"minecraft:weeping_vines":1,"minecraft:spruce_leaves":14,"minecraft:moss_block":2,"minecraft:large_fern":8,"minecraft:acacia_wood":1,"minecraft:andesite":1,"minecraft:nether_brick_fence":1,"minecraft:bookshelf":2,"minecraft:vine":1,"minecraft:packed_ice":6,"minecraft:stone":14,"minecraft:smithing_table":1,"minecraft:oak_slab":3,"minecraft:crafting_table":6,"minecraft:oak_wood":2,"minecraft:rose_bush":1,"minecraft:copper_ore":4,"minecraft:tall_grass":2,"minecraft:deepslate_gold_ore":7,"minecraft:sculk":151,"minecraft:warped_wart_block":1,"minecraft:spruce_stairs":1,"minecraft:purple_bed":2,"minecraft:birch_planks":1,"minecraft:spruce_log":49,"minecraft:dead_brain_coral_block":7,"minecraft:cobweb":23,"minecraft:cracked_stone_bricks":1,"minecraft:stone_bricks":1,"minecraft:mossy_stone_bricks":3,"minecraft:iron_trapdoor":1},"minecraft:used":{"minecraft:spruce_slab":1,"minecraft:chest":17,"minecraft:iron_sword":152,"tombstone:lollipop":5,"minecraft:carrot":43,"minecraft:obsidian":3,"minecraft:stone_brick_stairs":2,"minecraft:rabbit_stew":1,"epicfight:skillbook":5,"minecraft:spruce_door":4,"minecraft:dark_oak_sign":1,"minecraft:oak_planks":10,"minecraft:diamond_axe":41,"minecraft:golden_apple":1,"minecraft:sand":10,"minecraft:blast_furnace":2,"minecraft:cyan_bed":1,"minecraft:bread":22,"tombstone:grave_key":16,"alexscaves:tripodfish":1,"minecraft:diamond_sword":33,"minecraft:smithing_table":1,"minecraft:iron_bars":1,"minecraft:flint_and_steel":5,"minecraft:spruce_planks":44,"minecraft:netherrack":12,"minecraft:torch":6,"minecraft:dirt":6,"minecraft:diamond_helmet":1,"minecraft:spruce_fence":1,"minecraft:mossy_cobblestone_stairs":1,"minecraft:wooden_axe":40,"minecraft:iron_axe":37,"minecraft:iron_boots":1,"born_in_chaos_v1:nightmare_scythe":268,"minecraft:crimson_planks":4,"tombstone:gift":6,"minecraft:cobbled_deepslate":10,"minecraft:beetroot_soup":1,"minecraft:calcite":2,"minecraft:water_bucket":75,"minecraft:red_nether_bricks":1,"minecraft:spruce_sign":2,"minecraft:tnt":5,"minecraft:oak_slab":14,"minecraft:crafting_table":6,"born_in_chaos_v1:skullbreaker_hammer":3,"tombstone:bag_of_seeds":2,"tombstone:tablet_of_assistance":7,"minecraft:iron_pickaxe":293,"tombstone:magic_scroll":46,"ef_weapon_extended:diamond_knuckles":63,"minecraft:fishing_rod":11,"minecraft:cobblestone":9,"minecraft:potion":1,"minecraft:purple_bed":2,"minecraft:bucket":76,"minecraft:pumpkin_pie":8},"minecraft:custom":{"lootr:looted_stat":75,"minecraft:interact_with_crafting_table":33,"minecraft:open_barrel":9,"minecraft:bell_ring":1,"minecraft:time_since_death":12180,"minecraft:damage_resisted":3669,"minecraft:sprint_one_cm":496312,"minecraft:drop":172,"tombstone:eaten_lollipop":5,"minecraft:talked_to_villager":3,"minecraft:play_time":239432,"minecraft:deaths":55,"minecraft:jump":2472,"minecraft:walk_on_water_one_cm":80465,"minecraft:interact_with_loom":6,"minecraft:sleep_in_bed":4,"minecraft:damage_dealt":26451,"minecraft:crouch_one_cm":22332,"tombstone:undead_killed":66,"minecraft:interact_with_anvil":2,"minecraft:mob_kills":145,"minecraft:damage_dealt_resisted":2112,"minecraft:climb_one_cm":7855,"minecraft:walk_one_cm":816271,"minecraft:damage_dealt_absorbed":18,"minecraft:sneak_time":6871,"minecraft:walk_under_water_one_cm":32373,"minecraft:interact_with_lectern":1,"minecraft:interact_with_blast_furnace":6,"minecraft:total_world_time":239432,"minecraft:time_since_rest":11961,"minecraft:damage_taken":21188,"minecraft:damage_absorbed":200,"minecraft:swim_one_cm":21655,"minecraft:fly_one_cm":324264,"minecraft:open_chest":39,"minecraft:fall_one_cm":75575},"minecraft:picked_up":{"minecraft:iron_chestplate":1,"minecraft:black_carpet":3,"minecraft:nether_brick_fence":2,"minecraft:iron_trapdoor":1,"minecraft:flower_pot":3,"minecraft:smithing_table":1,"minecraft:nether_brick":4,"minecraft:stone_brick_stairs":2,"tombstone:grave_key":1,"born_in_chaos_v1:black_argillite":18,"minecraft:raw_copper":40,"minecraft:string":48,"minecraft:dead_tube_coral_block":7,"minecraft:red_nether_bricks":2,"irons_spellbooks:arcane_essence":2,"minecraft:cobbled_deepslate":31,"minecraft:gold_nugget":38,"minecraft:bucket":4,"minecraft:spruce_planks":2,"minecraft:rose_bush":2,"minecraft:calcite":5,"minecraft:melon_slice":5,"minecraft:iron_boots":2,"minecraft:tipped_arrow":2,"minecraft:golden_helmet":2,"born_in_chaos_v1:shattered_skull":3,"minecraft:acacia_log":2,"minecraft:spruce_stairs":1,"epicfight:skillbook":3,"tombstone:grave_dust":37,"tombstone:lollipop":7,"minecraft:rotten_flesh":72,"minecraft:carved_pumpkin":1,"minecraft:blaze_rod":4,"epicfight:stray_robe":3,"minecraft:obsidian":3,"minecraft:iron_bars":21,"minecraft:cobblestone":14,"minecraft:magma_block":1,"born_in_chaos_v1:spiritual_dust":4,"minecraft:andesite":1,"minecraft:lapis_lazuli":42,"minecraft:dirt":26,"born_in_chaos_v1:monster_skin":1,"minecraft:bone":79,"minecraft:bow":6,"minecraft:wheat_seeds":12,"minecraft:raw_gold":8,"born_in_chaos_v1:skullbreaker_hammer":1,"minecraft:moss_block":2,"minecraft:oak_planks":2,"irons_spellbooks:frozen_bone":54,"minecraft:jungle_planks":7,"minecraft:sand":10,"minecraft:nether_brick_stairs":12,"minecraft:dead_bush":1,"minecraft:dark_oak_log":26,"alexsmobs:animal_dictionary":1,"minecraft:mossy_cobblestone":4,"ef_weapon_extended:diamond_knuckles":1,"cataclysm:lionfish":2,"minecraft:bundle":8,"born_in_chaos_v1:fire_dust":1,"minecraft:diamond":15,"born_in_chaos_v1:nightmare_scythe":1,"minecraft:dead_brain_coral_block":10,"minecraft:golden_apple":1,"minecraft:emerald":5,"minecraft:oak_sapling":1,"born_in_chaos_v1:rotten_fish":2,"minecraft:netherrack":30,"minecraft:crimson_roots":1,"minecraft:fishing_rod":2,"sophisticatedbackpacks:gold_backpack":1,"born_in_chaos_v1:diamond_termite_shard":5,"minecraft:crafting_table":8,"minecraft:rabbit_stew":1,"irons_spellbooks:tarnished_helmet":1,"minecraft:chain":5,"epicfight:stray_pants":2,"epicfight:stray_hat":1,"minecraft:cyan_carpet":9,"minecraft:cracked_stone_bricks":1,"minecraft:beef":12,"minecraft:cyan_wool":11,"irons_spellbooks:epic_ink":1,"minecraft:spruce_slab":2,"minecraft:chest":2,"minecraft:raw_iron":9,"minecraft:spruce_fence":1,"sophisticatedbackpacks:backpack":3,"born_in_chaos_v1:pieceofdarkmetal":10,"minecraft:redstone":99,"minecraft:arrow":43,"minecraft:weeping_vines":1,"minecraft:nether_bricks":7,"minecraft:hay_block":1,"minecraft:saddle":1,"minecraft:white_wool":1,"born_in_chaos_v1:fused_bone":2,"born_in_chaos_v1:corpse_maggot":12,"born_in_chaos_v1:monster_flesh":1,"minecraft:leather":5,"minecraft:acacia_wood":1,"minecraft:birch_planks":1,"minecraft:filled_map":2,"minecraft:crimson_fungus":1,"minecraft:oak_log":6,"minecraft:chainmail_chestplate":2,"minecraft:paper":36,"tombstone:gift":1,"minecraft:gray_carpet":6,"minecraft:stone_bricks":1,"minecraft:iron_ingot":3,"tombstone:bag_of_seeds":1,"minecraft:iron_sword":2,"minecraft:book":20,"minecraft:oak_slab":13,"minecraft:warped_fungus":5,"minecraft:sweet_berries":3,"born_in_chaos_v1:orbofthe_summoner":1,"born_in_chaos_v1:ethereal_spirit":1,"minecraft:spruce_sapling":3,"minecraft:blast_furnace":2,"minecraft:spruce_log":50,"minecraft:nether_brick_slab":1,"minecraft:spider_eye":8,"minecraft:oak_wood":2,"minecraft:purple_bed":2,"minecraft:slime_ball":2,"wom:diamond_legtopseal":3,"minecraft:chainmail_leggings":1,"minecraft:iron_helmet":2,"minecraft:diamond_axe":1,"minecraft:mossy_cobblestone_stairs":2,"minecraft:warped_roots":30,"tombstone:magic_scroll":3,"minecraft:damaged_anvil":1,"minecraft:coal":22,"minecraft:ender_pearl":6}},"DataVersion":3465}