{"stats":{"minecraft:killed_by":{"minecraft:skeleton":1,"minecraft:stray":2,"minecraft:zombie":1,"minecraft:iron_golem":1},"minecraft:dropped":{"ef_weapon_extended:diamond_knuckles":1,"born_in_chaos_v1:wood_splitter_axe":1},"minecraft:crafted":{"minecraft:crafting_table":2,"minecraft:spruce_planks":8,"minecraft:iron_helmet":1,"minecraft:birch_planks":8,"minecraft:heavy_weighted_pressure_plate":2,"jet_and_elias_armors:knight_m_pink_boots":1,"minecraft:iron_chestplate":1,"minecraft:iron_boots":1,"minecraft:shield":1,"minecraft:iron_ingot":1,"minecraft:iron_block":1,"minecraft:iron_leggings":1,"jet_and_elias_armors:knight_m_pink_leggings":1,"minecraft:dark_oak_planks":4},"minecraft:killed":{"minecraft:spider":3,"irons_spellbooks:necromancer":1,"minecraft:squid":2,"born_in_chaos_v1:maggot":5,"minecraft:skeleton":7,"minecraft:zombie":25,"alexsmobs:roadrunner":2,"born_in_chaos_v1:corpse_fish":7,"born_in_chaos_v1:firelight_not_despawn":2},"minecraft:mined":{"minecraft:crafting_table":1,"minecraft:large_fern":1,"minecraft:skeleton_skull":1,"minecraft:sweet_berry_bush":1,"minecraft:spruce_log":4,"minecraft:iron_bars":5},"minecraft:used":{"epicfight:skillbook":1,"minecraft:birch_planks":5,"minecraft:shield":9,"minecraft:iron_sword":171,"tombstone:lollipop":3,"minecraft:torch":11,"minecraft:crafting_table":2,"minecraft:carrot":10,"minecraft:bread":8,"minecraft:iron_pickaxe":5,"tombstone:grave_key":4,"ef_weapon_extended:diamond_knuckles":42,"born_in_chaos_v1:wood_splitter_axe":10,"tombstone:gift":1,"alexsmobs:animal_dictionary":1,"sophisticatedbackpacks:gold_backpack":1},"minecraft:custom":{"lootr:looted_stat":21,"minecraft:interact_with_furnace":2,"spartanshields:shield_bash_hits":1,"minecraft:mob_kills":60,"minecraft:interact_with_crafting_table":10,"minecraft:interact_with_loom":1,"minecraft:damage_dealt_resisted":305,"minecraft:time_since_death":204,"minecraft:climb_one_cm":930,"minecraft:time_since_rest":1,"minecraft:sprint_one_cm":86435,"minecraft:damage_taken":2098,"minecraft:walk_one_cm":171508,"minecraft:damage_blocked_by_shield":765,"minecraft:drop":2,"tombstone:eaten_lollipop":3,"minecraft:damage_dealt":8109,"minecraft:swim_one_cm":44737,"minecraft:fly_one_cm":45590,"minecraft:crouch_one_cm":891,"minecraft:play_time":48096,"tombstone:undead_killed":33,"minecraft:deaths":5,"minecraft:sneak_time":282,"minecraft:walk_under_water_one_cm":14854,"minecraft:jump":327,"minecraft:walk_on_water_one_cm":7497,"minecraft:total_world_time":48096,"minecraft:fall_one_cm":12266},"minecraft:picked_up":{"minecraft:birch_log":2,"sophisticatedbackpacks:gold_backpack":1,"born_in_chaos_v1:corpse_maggot":1,"minecraft:crafting_table":1,"minecraft:feather":2,"minecraft:leather_leggings":3,"minecraft:string":3,"minecraft:iron_leggings":1,"minecraft:leather_boots":1,"minecraft:bone":13,"irons_spellbooks:arcane_essence":3,"minecraft:iron_ingot":17,"minecraft:cyan_wool":3,"minecraft:tipped_arrow":1,"minecraft:stick":2,"irons_spellbooks:frozen_bone":4,"minecraft:sweet_berries":2,"epicfight:skillbook":2,"minecraft:ink_sac":4,"tombstone:grave_dust":3,"minecraft:spruce_log":4,"minecraft:dark_oak_log":2,"minecraft:golden_chestplate":1,"tombstone:lollipop":3,"ef_weapon_extended:diamond_knuckles":3,"minecraft:arrow":9,"minecraft:rotten_flesh":17,"born_in_chaos_v1:fire_dust":2,"born_in_chaos_v1:wood_splitter_axe":2,"minecraft:iron_helmet":1,"minecraft:bone_meal":1,"tombstone:essence_of_undeath":1,"born_in_chaos_v1:rotten_fish":3,"minecraft:iron_bars":5,"minecraft:skeleton_skull":1}},"DataVersion":3465}